company_id,year,free_cash_flow,cfo_quality,cfo_quality_label,capex_intensity,capex_label,fcf_conversion,cfo_sign,cfi_sign,cff_sign,pattern_label
ABB,TTM,,,Unknown,,Unknown,,Unknown,Unknown,Unknown,Mixed
ABB,Dec 2012,42.0,0.696551724137931,Moderate,58.415841584158414,High,41.584158415841586,+,-,-,Shareholder Returns
ABB,Mar 2014,0.0,0.0,Weak,,Unknown,,0,0,0,Mixed
ABB,Mar 2015,-1899.0,-0.15283842794759825,Weak,5325.714285714286,High,5425.714285714286,-,-,+,Distress Signal
ABB,Mar 2016,728.0,6.0549019607843135,Strong,52.84974093264248,High,47.15025906735752,+,-,-,Shareholder Returns
ABB,Mar 2017,459.0,7.902527075812275,Strong,79.03152124257652,High,20.96847875742348,+,-,-,Shareholder Returns
ABB,Mar 2018,-994.0,5.4812967581047385,Strong,145.22292993630572,High,-45.22292993630573,+,-,+,Growth Funded by Debt
ABB,Mar 2019,-459.0,5.757777777777778,Strong,117.715167888846,High,-17.715167888846008,+,-,+,Growth Funded by Debt
ABB,Mar 2020,-206.0,9.168634064080944,Strong,103.78885414750782,High,-3.788854147507817,+,-,+,Growth Funded by Debt
ABB,Mar 2021,-225.0,5.476121562952243,Strong,105.946088794926,High,-5.946088794926005,+,-,-,Reinvestor
ABB,Mar 2022,161.0,5.127659574468085,Strong,96.07029533805223,High,3.9297046619477665,+,-,-,Shareholder Returns
ABB,Mar 2023,-922.0,3.9799789251844047,Strong,124.41090812814404,High,-24.41090812814403,+,-,+,Growth Funded by Debt
ABB,Mar 2024,1095.0,5.027477102414655,Strong,81.86485591255382,High,18.135144087446175,+,-,-,Shareholder Returns
ADANIENSOL,TTM,,,Unknown,,Unknown,,Unknown,Unknown,Unknown,Mixed
ADANIENSOL,Mar 2014,0.0,,Unknown,,Unknown,,0,0,0,Mixed
ADANIENSOL,Mar 2015,-1899.0,-5.0,Weak,5325.714285714286,High,5425.714285714286,-,-,+,Distress Signal
ADANIENSOL,Mar 2016,728.0,4.195652173913044,Strong,52.84974093264248,High,47.15025906735752,+,-,-,Shareholder Returns
ADANIENSOL,Mar 2017,459.0,5.262019230769231,Strong,79.03152124257652,High,20.96847875742348,+,-,-,Shareholder Returns
ADANIENSOL,Mar 2018,-994.0,1.9230096237970253,Strong,145.22292993630572,High,-45.22292993630573,+,-,+,Growth Funded by Debt
ADANIENSOL,Mar 2019,-459.0,4.635062611806798,Strong,117.715167888846,High,-17.715167888846008,+,-,+,Growth Funded by Debt
ADANIENSOL,Mar 2020,-206.0,7.701133144475921,Strong,103.78885414750782,High,-3.788854147507817,+,-,+,Growth Funded by Debt
ADANIENSOL,Mar 2021,-225.0,2.933333333333333,Strong,105.946088794926,High,-5.946088794926005,+,-,-,Reinvestor
ADANIENSOL,Mar 2022,161.0,3.3147249190938513,Strong,96.07029533805223,High,3.9297046619477665,+,-,-,Shareholder Returns
ADANIENSOL,Mar 2023,-922.0,2.9484777517564402,Strong,124.41090812814404,High,-24.41090812814403,+,-,+,Growth Funded by Debt
ADANIENSOL,Mar 2024,1095.0,5.048494983277592,Strong,81.86485591255382,High,18.135144087446175,+,-,-,Shareholder Returns
ADANIENT,TTM,,,Unknown,,Unknown,,Unknown,Unknown,Unknown,Mixed
ADANIENT,Mar 2013,-7124.0,6.293924466338259,Strong,192.92981998434647,High,-92.92981998434647,+,-,+,Growth Funded by Debt
ADANIENT,Mar 2014,221.0,3.109599395313681,Strong,97.31404958677686,High,2.6859504132231407,+,-,-,Shareholder Returns
ADANIENT,Mar 2015,-2933.0,3.7127937336814623,Strong,134.3764650726676,High,-34.37646507266761,+,-,+,Growth Funded by Debt
ADANIENT,Mar 2016,3287.0,5.112,Strong,35.700312989045386,Moderate,64.29968701095461,+,-,-,Shareholder Returns
ADANIENT,Mar 2017,-686.0,0.8367567567567568,Moderate,188.63049095607235,High,-88.63049095607235,+,-,+,Growth Funded by Debt
ADANIENT,Mar 2018,-4707.0,4.952861952861953,Strong,259.993201903467,High,-159.99320190346702,+,-,+,Growth Funded by Debt
ADANIENT,Mar 2019,5723.0,6.395256916996048,Strong,76.85414091470952,High,176.85414091470952,+,+,-,Liquidating Assets
ADANIENT,Mar 2020,1372.0,2.3596153846153847,Strong,44.09127954360228,Moderate,55.90872045639772,+,-,-,Shareholder Returns
ADANIENT,Mar 2021,-4568.0,3.8652007648183555,Strong,212.9854068760821,High,-112.98540687608212,+,-,+,Growth Funded by Debt
ADANIENT,Mar 2022,-15656.0,1.7576142131979695,Strong,1230.3971119133575,High,-1130.3971119133575,+,-,+,Growth Funded by Debt
ADANIENT,Mar 2023,2167.0,7.277456647398844,Strong,87.70566209009418,High,12.29433790990582,+,-,-,Shareholder Returns
ADANIENT,Mar 2024,-8455.0,3.0920539730134933,Strong,181.99185415050428,High,-81.99185415050427,+,-,+,Growth Funded by Debt
ADANIGREEN,TTM,,,Unknown,,Unknown,,Unknown,Unknown,Unknown,Mixed
ADANIGREEN,Mar 2017,-1483.0,0.5957446808510638,Moderate,5396.428571428572,High,-5296.428571428572,+,-,+,Growth Funded by Debt
ADANIGREEN,Mar 2018,-3779.0,4.702898550724638,Strong,682.2804314329738,High,-582.2804314329738,+,-,+,Growth Funded by Debt
ADANIGREEN,Mar 2019,-1041.0,3.4210526315789473,Strong,164.06153846153845,High,-64.06153846153846,+,-,+,Growth Funded by Debt
ADANIGREEN,Mar 2020,-1778.0,28.897058823529413,Strong,190.48346055979644,High,-90.48346055979644,+,-,+,Growth Funded by Debt
ADANIGREEN,Mar 2021,-7536.0,8.796703296703297,Strong,570.7058088694566,High,-470.70580886945663,+,-,+,Growth Funded by Debt
ADANIGREEN,Mar 2022,-15603.0,6.394683026584867,Strong,598.9766549408379,High,-498.9766549408379,+,-,+,Growth Funded by Debt
ADANIGREEN,Mar 2023,3408.0,7.466598150051388,Strong,53.090158293186505,High,46.90984170681349,+,-,-,Shareholder Returns
ADANIGREEN,Mar 2024,-13347.0,6.121428571428571,Strong,273.04550758459743,High,-173.04550758459743,+,-,+,Growth Funded by Debt
ADANIPORTS,TTM,,,Unknown,,Unknown,,Unknown,Unknown,Unknown,Mixed
ADANIPORTS,Mar 2013,-3757.0,0.8413666870042709,Moderate,372.4437998549674,High,-272.4437998549674,+,-,+,Growth Funded by Debt
ADANIPORTS,Mar 2014,-1378.0,0.6502010338885698,Moderate,221.7314487632509,High,-121.73144876325088,+,-,+,Growth Funded by Debt
ADANIPORTS,Mar 2015,572.0,1.3154044750430292,Strong,81.28884527314361,High,18.711154726856392,+,-,-,Shareholder Returns
ADANIPORTS,Mar 2016,-1772.0,0.8336834733893558,Moderate,174.422511549769,High,-74.422511549769,+,-,+,Growth Funded by Debt
ADANIPORTS,Mar 2017,1434.0,1.0412608918503332,Strong,64.70588235294117,High,35.294117647058826,+,-,-,Shareholder Returns
ADANIPORTS,Mar 2018,1762.0,1.5197831978319782,Strong,68.58059914407988,High,31.419400855920117,+,-,-,Shareholder Returns
ADANIPORTS,Mar 2019,1661.0,1.4904820766378244,Strong,72.4498258417648,High,27.550174158235198,+,-,+,Growth Funded by Debt
ADANIPORTS,Mar 2020,6653.0,1.9556142668428005,Strong,10.11888678735477,Low,89.88111321264523,+,-,-,Shareholder Returns
ADANIPORTS,Mar 2021,-6508.0,1.4965339671222024,Strong,186.1302276336686,High,-86.13022763366861,+,-,+,Growth Funded by Debt
ADANIPORTS,Mar 2022,4927.0,2.103775489602261,Strong,52.71593090211133,High,47.284069097888676,+,-,-,Shareholder Returns
ADANIPORTS,Mar 2023,-4816.0,2.2073826748284175,Strong,140.47058823529412,High,-40.470588235294116,+,-,-,Reinvestor
ADANIPORTS,Mar 2024,8250.0,1.8531589338598222,Strong,45.06592089492609,Moderate,54.934079105073906,+,-,-,Shareholder Returns
ADANIPOWER,TTM,,,Unknown,,Unknown,,Unknown,Unknown,Unknown,Mixed
ADANIPOWER,Mar 2013,-1063.0,1.3076252723311548,Strong,135.42152615794737,High,-35.421526157947355,+,-,+,Growth Funded by Debt
ADANIPOWER,Mar 2014,-1462.0,11.127147766323024,Strong,145.15132798023473,High,-45.15132798023471,+,-,+,Growth Funded by Debt
ADANIPOWER,Mar 2015,1087.0,7.137254901960785,Strong,81.33585164835165,High,18.66414835164835,+,-,-,Shareholder Returns
ADANIPOWER,Mar 2016,2565.0,9.540834845735027,Strong,51.20791325851246,High,48.79208674148754,+,-,-,Shareholder Returns
ADANIPOWER,Mar 2017,3513.0,0.7653061224489796,Moderate,25.650793650793652,Moderate,74.34920634920636,+,-,-,Shareholder Returns
ADANIPOWER,Mar 2018,4581.0,2.425582501188778,Strong,10.194079592236816,Low,89.80592040776318,+,-,-,Shareholder Returns
ADANIPOWER,Mar 2019,4626.0,5.701219512195122,Strong,17.54010695187166,Low,82.45989304812834,+,-,-,Shareholder Returns
ADANIPOWER,Mar 2020,3294.0,2.4606593406593404,Strong,41.157556270096464,Moderate,58.842443729903536,+,-,-,Shareholder Returns
ADANIPOWER,Mar 2021,4826.0,5.522834645669291,Strong,31.19475335044197,Moderate,68.80524664955803,+,-,-,Shareholder Returns
ADANIPOWER,Mar 2022,11007.0,2.0832654723127035,Strong,7.563764291996482,Low,107.56376429199648,+,+,-,Liquidating Assets
ADANIPOWER,Mar 2023,9976.0,0.7859606600167801,Moderate,18.325228324042225,Low,118.32522832404221,+,+,-,Liquidating Assets
ADANIPOWER,Mar 2024,17651.0,0.6803015027125642,Moderate,24.565984474241358,Low,124.56598447424136,+,+,-,Liquidating Assets
AMBUJACEM,TTM,,,Unknown,,Unknown,,Unknown,Unknown,Unknown,Mixed
AMBUJACEM,Dec 2012,1472.0,1.4396284829721362,Strong,20.86021505376344,Low,79.13978494623656,+,-,-,Shareholder Returns
AMBUJACEM,Dec 2013,771.0,0.9913928012519562,Moderate,39.14759273875296,Moderate,60.852407261247045,+,-,-,Shareholder Returns
AMBUJACEM,Dec 2014,1219.0,1.1264290517821116,Strong,27.223880597014926,Moderate,72.77611940298507,+,-,-,Shareholder Returns
AMBUJACEM,Dec 2015,1474.0,1.926980198019802,Strong,5.330764290301863,Low,94.66923570969814,+,-,-,Shareholder Returns
AMBUJACEM,Dec 2016,-1355.0,1.9595536959553697,Strong,148.22064056939502,High,-48.220640569395016,+,-,-,Reinvestor
AMBUJACEM,Dec 2017,2678.0,1.7562982005141388,Strong,21.60421545667447,Low,78.39578454332553,+,-,-,Shareholder Returns
AMBUJACEM,Dec 2018,938.0,0.5728220652539522,Moderate,44.920728126834994,Moderate,55.079271873165006,+,-,-,Shareholder Returns
AMBUJACEM,Dec 2019,3548.0,1.7028386633129715,Strong,25.13188436378983,Moderate,74.86811563621018,+,-,-,Shareholder Returns
AMBUJACEM,Dec 2020,3515.0,1.5551979401351785,Strong,27.25579470198676,Moderate,72.74420529801324,+,-,-,Shareholder Returns
AMBUJACEM,Dec 2021,3302.0,1.4306116949609269,Strong,37.803729515916366,Moderate,62.19627048408363,+,-,-,Shareholder Returns
AMBUJACEM,Mar 2023,-13746.0,0.24305555555555555,Weak,1970.204081632653,High,-1870.204081632653,+,-,+,Growth Funded by Debt
AMBUJACEM,Mar 2024,-3295.0,1.1916420430561419,Strong,158.3599008147361,High,-58.3599008147361,+,-,+,Growth Funded by Debt
APOLLOHOSP,TTM,,,Unknown,,Unknown,,Unknown,Unknown,Unknown,Mixed
APOLLOHOSP,Mar 2013,-290.0,1.462046204620462,Strong,165.4627539503386,High,-65.46275395033861,+,-,+,Growth Funded by Debt
APOLLOHOSP,Mar 2014,17.0,1.1841269841269841,Strong,95.44235924932975,High,4.557640750670242,+,-,-,Shareholder Returns
APOLLOHOSP,Mar 2015,-289.0,1.4029850746268657,Strong,161.48936170212767,High,-61.48936170212767,+,-,+,Growth Funded by Debt
APOLLOHOSP,Mar 2016,-291.0,2.5404255319148934,Strong,148.74371859296483,High,-48.743718592964825,+,-,+,Growth Funded by Debt
APOLLOHOSP,Mar 2017,-529.0,4.755725190839694,Strong,184.91171749598715,High,-84.91171749598716,+,-,+,Growth Funded by Debt
APOLLOHOSP,Mar 2018,132.0,8.95,Strong,75.41899441340783,High,24.581005586592177,+,-,-,Shareholder Returns
APOLLOHOSP,Mar 2019,194.0,4.525,Strong,78.56353591160222,High,21.43646408839779,+,-,-,Shareholder Returns
APOLLOHOSP,Mar 2020,1004.0,2.9930555555555554,Strong,22.351121423047175,Low,77.64887857695282,+,-,-,Shareholder Returns
APOLLOHOSP,Mar 2021,385.0,9.233576642335766,Strong,69.56521739130434,High,30.434782608695656,+,-,-,Shareholder Returns
APOLLOHOSP,Mar 2022,949.0,1.5306859205776173,Strong,44.04481132075472,Moderate,55.95518867924528,+,-,-,Shareholder Returns
APOLLOHOSP,Mar 2023,520.0,1.6315165876777251,Strong,62.23674655047204,High,37.76325344952796,+,-,-,Shareholder Returns
APOLLOHOSP,Mar 2024,383.0,2.053475935828877,Strong,80.05208333333333,High,19.947916666666668,+,-,-,Shareholder Returns
ASIANPAINT,TTM,,,Unknown,,Unknown,,Unknown,Unknown,Unknown,Mixed
ASIANPAINT,Mar 2013,724.0,1.0232758620689655,Strong,39.00589721988206,Moderate,60.99410278011794,+,-,-,Shareholder Returns
ASIANPAINT,Mar 2014,816.0,1.110055423594616,Strong,41.79743223965763,Moderate,58.20256776034237,+,-,-,Shareholder Returns
ASIANPAINT,Mar 2015,723.0,0.8325157673440785,Moderate,39.141414141414145,Moderate,60.858585858585855,+,-,-,Shareholder Returns
ASIANPAINT,Mar 2016,1377.0,1.2440377149195785,Strong,38.60900579580918,Moderate,61.39099420419082,+,-,-,Shareholder Returns
ASIANPAINT,Mar 2017,846.0,0.7574404761904762,Moderate,44.59724950884086,Moderate,55.40275049115914,+,-,-,Shareholder Returns
ASIANPAINT,Mar 2018,557.0,1.0071496663489037,Strong,73.63937529578799,High,26.36062470421202,+,-,-,Shareholder Returns
ASIANPAINT,Mar 2019,1552.0,1.118659420289855,Strong,37.16599190283401,Moderate,62.83400809716599,+,-,-,Shareholder Returns
ASIANPAINT,Mar 2020,2520.0,1.0951694304253785,Strong,17.050691244239633,Low,82.94930875576037,+,-,-,Shareholder Returns
ASIANPAINT,Mar 2021,3142.0,1.1484253196133458,Strong,14.689112136844965,Low,85.31088786315505,+,-,-,Shareholder Returns
ASIANPAINT,Mar 2022,669.0,0.3196110210696921,Weak,32.1501014198783,Moderate,67.8498985801217,+,-,-,Shareholder Returns
ASIANPAINT,Mar 2023,2911.0,0.999523241954708,Moderate,30.574767469592178,Moderate,69.42523253040783,+,-,-,Shareholder Returns
ASIANPAINT,Mar 2024,3556.0,1.0982367758186398,Strong,41.74311926605505,Moderate,58.256880733944946,+,-,-,Shareholder Returns
ATGL,TTM,,,Unknown,,Unknown,,Unknown,Unknown,Unknown,Mixed
ATGL,Mar 2018,,,Unknown,,Unknown,,Unknown,Unknown,Unknown,Mixed
ATGL,Mar 2019,,,Unknown,,Unknown,,Unknown,Unknown,Unknown,Mixed
ATGL,Mar 2020,,,Unknown,,Unknown,,Unknown,Unknown,Unknown,Mixed
ATGL,Mar 2021,,,Unknown,,Unknown,,Unknown,Unknown,Unknown,Mixed
ATGL,Mar 2022,,,Unknown,,Unknown,,Unknown,Unknown,Unknown,Mixed
ATGL,Mar 2023,,,Unknown,,Unknown,,Unknown,Unknown,Unknown,Mixed
ATGL,Mar 2024,,,Unknown,,Unknown,,Unknown,Unknown,Unknown,Mixed
AXISBANK,TTM,,,Unknown,,Unknown,,Unknown,Unknown,Unknown,Mixed
AXISBANK,Mar 2013,-8366.0,0.4968140567677158,Weak,425.14574426739216,High,-325.14574426739216,+,-,+,Growth Funded by Debt
AXISBANK,Mar 2014,298.0,2.326149887423609,Strong,97.93971238938053,High,2.060287610619469,+,-,+,Growth Funded by Debt
AXISBANK,Mar 2015,-23134.0,-2.060614297363414,Weak,52.578815459701886,High,152.5788154597019,-,-,+,Distress Signal
AXISBANK,Mar 2016,-25284.0,-4.19443093385214,Weak,26.702420640672564,Moderate,73.29757935932744,-,+,+,Distress Signal
AXISBANK,Mar 2017,19751.0,8.754824680619734,Strong,38.67863019652892,Moderate,61.32136980347108,+,-,-,Shareholder Returns
AXISBANK,Mar 2018,-48397.0,-139.09420289855072,Weak,26.06668403230008,Moderate,126.06668403230007,-,-,+,Distress Signal
AXISBANK,Mar 2019,18451.0,7.937780628608082,Strong,50.3003367003367,High,49.6996632996633,+,-,+,Growth Funded by Debt
AXISBANK,Mar 2020,20931.0,18.694529809465273,Strong,31.184245134139925,Moderate,68.81575486586007,+,-,+,Growth Funded by Debt
AXISBANK,Mar 2021,-41655.0,1.9175774134790529,Strong,429.73165518879125,High,-329.73165518879125,+,-,+,Growth Funded by Debt
AXISBANK,Mar 2022,1025.0,2.1602303262955855,Strong,96.35710985535061,High,3.6428901446493938,+,-,+,Growth Funded by Debt
AXISBANK,Mar 2023,-10276.0,2.3042797494780793,Strong,146.55039637599094,High,-46.550396375990935,+,-,+,Growth Funded by Debt
AXISBANK,Mar 2024,-14556.0,-0.2234423394071035,Weak,162.03420342034204,High,262.03420342034207,-,-,+,Distress Signal
BAJAJ-AUTO,TTM,,,Unknown,,Unknown,,Unknown,Unknown,Unknown,Mixed
BAJAJ-AUTO,Mar 2013,824.0,0.7079476540057453,Moderate,62.849413886384134,High,37.150586113615866,+,-,-,Shareholder Returns
BAJAJ-AUTO,Mar 2014,1430.0,1.036094674556213,Strong,59.16619074814392,High,40.83380925185608,+,-,-,Shareholder Returns
BAJAJ-AUTO,Mar 2015,1734.0,0.6986120290812955,Moderate,17.975402081362347,Low,82.02459791863765,+,-,-,Shareholder Returns
BAJAJ-AUTO,Mar 2016,3622.0,0.9086431913321842,Moderate,1.842818428184282,Low,98.15718157181573,+,-,-,Shareholder Returns
BAJAJ-AUTO,Mar 2017,-343.0,0.8009316008825692,Moderate,110.49892868074687,High,-10.498928680746863,+,-,-,Reinvestor
BAJAJ-AUTO,Mar 2018,2374.0,1.0258355060440862,Strong,45.147874306839185,Moderate,54.852125693160815,+,-,-,Shareholder Returns
BAJAJ-AUTO,Mar 2019,2214.0,0.5046672077922078,Moderate,10.97708082026538,Low,89.02291917973461,+,-,-,Shareholder Returns
BAJAJ-AUTO,Mar 2020,5616.0,0.7386799693016116,Moderate,45.87012987012987,Moderate,145.87012987012986,+,+,-,Liquidating Assets
BAJAJ-AUTO,Mar 2021,251.0,0.6423718344657195,Moderate,91.9551282051282,High,8.044871794871796,+,-,-,Shareholder Returns
BAJAJ-AUTO,Mar 2022,4473.0,0.6806681803438209,Moderate,6.576125804145819,Low,106.57612580414582,+,+,-,Liquidating Assets
BAJAJ-AUTO,Mar 2023,6488.0,0.8707920792079208,Moderate,22.94864506348304,Low,122.94864506348304,+,+,-,Liquidating Assets
BAJAJ-AUTO,Mar 2024,6486.0,0.8508043591074209,Moderate,1.0978956999085088,Low,98.90210430009148,+,-,-,Shareholder Returns
BAJAJFINSV,TTM,,,Unknown,,Unknown,,Unknown,Unknown,Unknown,Mixed
BAJAJFINSV,Mar 2013,-3969.0,-3.1264679313459802,Weak,42.66108061253973,Moderate,57.33891938746027,-,+,+,Distress Signal
BAJAJFINSV,Mar 2014,-6043.0,-4.476038338658147,Weak,38.38074844498827,Moderate,61.61925155501172,-,+,+,Distress Signal
BAJAJFINSV,Mar 2015,-7022.0,-4.454545454545454,Weak,34.563414406858634,Moderate,65.43658559314136,-,+,+,Distress Signal
BAJAJFINSV,Mar 2016,-10681.0,-3.5297297297297296,Weak,9.045431342521695,Low,109.0454313425217,-,-,+,Distress Signal
BAJAJFINSV,Mar 2017,-10771.0,-3.165797101449275,Weak,1.3825306720380883,Low,98.61746932796191,-,+,+,Distress Signal
BAJAJFINSV,Mar 2018,-20502.0,-4.688697318007663,Weak,4.708886618998979,Low,104.70888661899897,-,-,+,Distress Signal
BAJAJFINSV,Mar 2019,-33979.0,-5.038332713062895,Weak,25.494903235337567,Moderate,125.49490323533756,-,-,+,Distress Signal
BAJAJFINSV,Mar 2020,-33317.0,-3.898732065398732,Weak,42.56921562754076,Moderate,142.56921562754076,-,-,+,Distress Signal
BAJAJFINSV,Mar 2021,863.0,0.6172118908646668,Moderate,81.02045304596437,High,18.979546954035627,+,-,+,Growth Funded by Debt
BAJAJFINSV,Mar 2022,-32225.0,-4.049795525619437,Weak,4.291654291654292,Low,95.7083457083457,-,+,+,Distress Signal
BAJAJFINSV,Mar 2023,-53425.0,-3.2334152334152333,Weak,35.32168186423505,Moderate,135.32168186423505,-,-,+,Distress Signal
BAJAJFINSV,Mar 2024,-79634.0,-4.403590894517474,Weak,15.959460640125812,Low,115.95946064012581,-,-,+,Distress Signal
BAJAJHLDNG,TTM,,,Unknown,,Unknown,,Unknown,Unknown,Unknown,Mixed
BAJAJHLDNG,Mar 2013,104.0,0.2548491379310345,Weak,78.01268498942918,High,21.987315010570825,+,-,-,Shareholder Returns
BAJAJHLDNG,Mar 2014,353.0,0.4386317907444668,Weak,59.518348623853214,High,40.481651376146786,+,-,-,Shareholder Returns
BAJAJHLDNG,Mar 2015,332.0,0.39231148348940365,Weak,58.291457286432156,High,41.70854271356784,+,-,-,Shareholder Returns
BAJAJHLDNG,Mar 2016,2166.0,0.506401766004415,Moderate,88.8404533565824,High,188.8404533565824,+,+,-,Liquidating Assets
BAJAJHLDNG,Mar 2017,-1295.0,-0.3732308936514355,Weak,40.30335861321777,Moderate,140.30335861321777,-,-,-,Mixed
BAJAJHLDNG,Mar 2018,508.0,0.6143126177024482,Moderate,68.8534641324341,High,31.146535867565913,+,-,-,Shareholder Returns
BAJAJHLDNG,Mar 2019,465.0,0.20603674540682415,Weak,25.955414012738853,Moderate,74.04458598726114,+,-,-,Shareholder Returns
BAJAJHLDNG,Mar 2020,1120.0,0.6233766233766234,Moderate,41.66666666666667,Moderate,58.333333333333336,+,-,-,Shareholder Returns
BAJAJHLDNG,Mar 2021,-36.0,0.07443897099069513,Weak,113.23529411764706,High,-13.23529411764706,+,-,-,Reinvestor
BAJAJHLDNG,Mar 2022,1459.0,0.39020843431895297,Weak,9.378881987577639,Low,90.62111801242236,+,-,-,Shareholder Returns
BAJAJHLDNG,Mar 2023,1591.0,0.3493732308936514,Weak,7.928240740740741,Low,92.07175925925925,+,-,-,Shareholder Returns
BAJAJHLDNG,Mar 2024,1469.0,0.26354378818737273,Weak,24.31736218444101,Low,75.68263781555899,+,-,-,Shareholder Returns
BAJFINANCE,TTM,,,Unknown,,Unknown,,Unknown,Unknown,Unknown,Mixed
BAJFINANCE,Mar 2015,-7424.0,-7.866369710467706,Weak,5.096262740656852,Low,105.09626274065684,-,-,+,Distress Signal
BAJFINANCE,Mar 2016,-10557.0,-7.716966379984362,Weak,6.96048632218845,Low,106.96048632218844,-,-,+,Distress Signal
BAJFINANCE,Mar 2017,-13486.0,-5.685729847494553,Weak,29.1886195995785,Moderate,129.18861959957852,-,-,+,Distress Signal
BAJFINANCE,Mar 2018,-19491.0,-8.239583333333334,Weak,5.227073811144608,Low,94.7729261888554,-,+,+,Distress Signal
BAJFINANCE,Mar 2019,-34441.0,-7.27459324155194,Weak,18.50870552611658,Low,118.50870552611659,-,-,+,Distress Signal
BAJFINANCE,Mar 2020,-33170.0,-4.637537993920972,Weak,35.875798787481564,Moderate,135.87579878748159,-,-,+,Distress Signal
BAJFINANCE,Mar 2021,-1236.0,-0.18257918552036198,Weak,53.159851301115246,High,153.15985130111525,-,-,+,Distress Signal
BAJFINANCE,Mar 2022,-30743.0,-5.277461582242458,Weak,17.112429226206523,Low,82.88757077379347,-,+,+,Distress Signal
BAJFINANCE,Mar 2023,-52506.0,-3.659367396593674,Weak,24.681800911854104,Low,124.6818009118541,-,-,+,Distress Signal
BAJFINANCE,Mar 2024,-79931.0,-5.034945678499758,Weak,9.855689939527213,Low,109.85568993952721,-,-,+,Distress Signal
BANKBARODA,TTM,,,Unknown,,Unknown,,Unknown,Unknown,Unknown,Mixed
BANKBARODA,Mar 2013,22682.0,4.803478981155519,Strong,2.215899292981548,Low,97.78410070701845,+,-,-,Shareholder Returns
BANKBARODA,Mar 2014,41503.0,8.386219221604447,Strong,1.7285061444841714,Low,98.27149385551583,+,-,+,Growth Funded by Debt
BANKBARODA,Mar 2015,17282.0,4.5159493670886075,Strong,3.1169413611391414,Low,96.88305863886086,+,-,-,Shareholder Returns
BANKBARODA,Mar 2016,-14016.0,-1.9890721239817206,Weak,40.00599340725202,Moderate,140.00599340725202,-,-,-,Pre-Revenue
BANKBARODA,Mar 2017,17314.0,9.630727762803234,Strong,3.084242933109432,Low,96.91575706689058,+,-,-,Shareholder Returns
BANKBARODA,Mar 2018,-60106.0,-32.5119825708061,Weak,0.6935602760838974,Low,100.6935602760839,-,-,+,Distress Signal
BANKBARODA,Mar 2019,-3986.0,-1.2427101200686106,Weak,175.0862663906142,High,275.08626639061424,-,-,+,Distress Signal
BANKBARODA,Mar 2020,18392.0,18.889908256880734,Strong,0.7500944363499001,Low,99.2499055636501,+,-,+,Growth Funded by Debt
BANKBARODA,Mar 2021,-1358.0,-0.5475308641975308,Weak,53.10033821871477,High,153.10033821871477,-,-,-,Mixed
BANKBARODA,Mar 2022,2565.0,0.7828060002521114,Moderate,58.69565217391305,High,41.30434782608695,+,-,-,Shareholder Returns
BANKBARODA,Mar 2023,-22450.0,-1.423125624791736,Weak,5.132527863632107,Low,105.13252786363209,-,-,-,Mixed
BANKBARODA,Mar 2024,-7559.0,-0.3325030473263024,Weak,20.481351609818297,Low,120.4813516098183,-,-,+,Distress Signal
BEL,TTM,,,Unknown,,Unknown,,Unknown,Unknown,Unknown,Mixed
BEL,Mar 2013,214.0,-1.6893523600439078,Weak,113.90513320337882,High,-13.905133203378817,-,+,-,Mixed
BEL,Mar 2014,190.0,-0.5976890756302521,Weak,133.3919156414763,High,-33.391915641476274,-,+,-,Mixed
BEL,Mar 2015,595.0,1.1979949874686717,Strong,58.50767085076709,High,41.492329149232916,+,-,-,Shareholder Returns
BEL,Mar 2016,790.0,1.6903515332834704,Strong,65.04424778761062,High,34.95575221238938,+,-,-,Shareholder Returns
BEL,Mar 2017,3054.0,-0.04005252790544977,Weak,5106.55737704918,High,-5006.55737704918,-,+,-,Mixed
BEL,Mar 2018,-693.0,-0.480083857442348,Weak,0.8733624454148471,Low,100.87336244541486,-,-,-,Mixed
BEL,Mar 2019,618.0,0.8023317435082141,Moderate,59.18097754293263,High,40.81902245706737,+,-,-,Shareholder Returns
BEL,Mar 2020,1921.0,1.4082191780821918,Strong,25.252918287937742,Moderate,74.74708171206225,+,-,-,Shareholder Returns
BEL,Mar 2021,2498.0,2.4252380952380954,Strong,50.95228745336736,High,49.04771254663263,+,-,-,Shareholder Returns
BEL,Mar 2022,-665.0,1.7529166666666667,Strong,115.80698835274544,High,-15.806988352745424,+,-,-,Reinvestor
BEL,Mar 2023,3907.0,0.4015405224380442,Weak,225.85487906588827,High,325.85487906588827,+,+,-,Liquidating Assets
BEL,Mar 2024,-1265.0,1.1691342534504392,Strong,127.15174930242542,High,-27.151749302425415,+,-,-,Reinvestor
BHARTIARTL,TTM,,,Unknown,,Unknown,,Unknown,Unknown,Unknown,Mixed
BHARTIARTL,Mar 2013,3932.0,9.972651080723423,Strong,82.60792639773531,High,17.392073602264684,+,-,-,Shareholder Returns
BHARTIARTL,Mar 2014,1052.0,8.689301093077178,Strong,95.98978386002364,High,4.010216139976365,+,-,+,Growth Funded by Debt
BHARTIARTL,Mar 2015,5758.0,5.558438985736926,Strong,79.47895505898286,High,20.52104494101714,+,-,-,Shareholder Returns
BHARTIARTL,Mar 2016,13851.0,4.053677643986653,Strong,50.42946102641185,High,49.57053897358815,+,-,-,Shareholder Returns
BHARTIARTL,Mar 2017,-2400.0,6.668238622966282,Strong,108.48656294200849,High,-8.486562942008486,+,-,-,Reinvestor
BHARTIARTL,Mar 2018,1914.0,13.66941391941392,Strong,93.58879882092852,High,6.411201179071481,+,-,+,Growth Funded by Debt
BHARTIARTL,Mar 2019,-8216.0,11.889810426540285,Strong,140.93672147483807,High,-40.936721474838066,+,-,+,Growth Funded by Debt
BHARTIARTL,Mar 2020,-11469.0,0.5912144534307331,Moderate,163.26327982790005,High,-63.26327982790006,+,-,+,Growth Funded by Debt
BHARTIARTL,Mar 2021,20919.0,3.8988191523778712,Strong,56.60408671299658,High,43.395913287003424,+,-,-,Shareholder Returns
BHARTIARTL,Mar 2022,13539.0,6.624563515954245,Strong,75.39124270679972,High,24.608757293200284,+,-,-,Shareholder Returns
BHARTIARTL,Mar 2023,26093.0,5.31659477496541,Strong,60.0566398775354,High,39.9433601224646,+,-,-,Shareholder Returns
BHARTIARTL,Mar 2024,27809.0,9.219210095816779,Strong,64.75322568379427,High,35.24677431620574,+,-,-,Shareholder Returns
BHEL,TTM,,,Unknown,,Unknown,,Unknown,Unknown,Unknown,Mixed
BHEL,Mar 2013,646.0,0.26281189302256086,Weak,63.274587833996584,High,36.725412166003416,+,-,+,Growth Funded by Debt
BHEL,Mar 2014,3644.0,1.2884066247858366,Strong,19.23758865248227,Low,80.76241134751773,+,-,+,Growth Funded by Debt
BHEL,Mar 2015,1471.0,0.5662068965517242,Moderate,79.17174177831913,High,179.1717417783191,+,+,-,Liquidating Assets
BHEL,Mar 2016,397.0,0.5297450424929179,Moderate,6.149732620320856,Low,106.14973262032086,+,+,-,Liquidating Assets
BHEL,Mar 2017,-5.0,1.2307692307692308,Strong,100.89285714285714,High,-0.8928571428571428,+,-,-,Reinvestor
BHEL,Mar 2018,1950.0,2.2579908675799087,Strong,97.16885743174925,High,197.16885743174925,+,+,-,Liquidating Assets
BHEL,Mar 2019,-1941.0,-3.852295409181637,Weak,49.71502590673575,Moderate,50.284974093264246,-,+,-,Mixed
BHEL,Mar 2020,-1015.0,-1.9700272479564032,Weak,64.90318118948825,High,35.096818810511756,-,+,+,Distress Signal
BHEL,Mar 2021,518.0,0.2074074074074074,Weak,7.5,Low,92.5,+,-,-,Shareholder Returns
BHEL,Mar 2022,-458.0,1.4831460674157304,Strong,169.39393939393938,High,-69.39393939393939,+,-,-,Reinvestor
BHEL,Mar 2023,739.0,-1.1330275229357798,Weak,199.73009446693658,High,-99.73009446693656,-,+,+,Distress Signal
BHEL,Mar 2024,-2382.0,-13.166666666666666,Weak,35.84702396983571,Moderate,64.15297603016428,-,+,+,Distress Signal
BOSCHLTD,TTM,,,Unknown,,Unknown,,Unknown,Unknown,Unknown,Mixed
BOSCHLTD,Dec 2012,47.0,0.9091858037578288,Moderate,94.60390355912745,High,5.39609644087256,+,-,-,Shareholder Returns
BOSCHLTD,Dec 2013,211.0,1.1943502824858756,Strong,80.03784295175024,High,19.96215704824976,+,-,-,Shareholder Returns
BOSCHLTD,Mar 2015,213.0,1.0433482810164425,Strong,84.74212034383955,High,15.257879656160458,+,-,-,Shareholder Returns
BOSCHLTD,Mar 2016,323.0,0.8608752449379491,Moderate,75.49317147192717,High,24.506828528072838,+,-,-,Shareholder Returns
BOSCHLTD,Mar 2017,2703.0,0.8368753589890867,Moderate,85.51818805765271,High,185.5181880576527,+,+,-,Liquidating Assets
BOSCHLTD,Mar 2018,559.0,1.261123267687819,Strong,67.66917293233082,High,32.33082706766917,+,-,-,Shareholder Returns
BOSCHLTD,Mar 2019,2359.0,0.3710888610763454,Weak,297.80775716694774,High,397.80775716694774,+,+,-,Liquidating Assets
BOSCHLTD,Mar 2020,463.0,2.0553846153846154,Strong,65.34431137724552,High,34.6556886227545,+,-,-,Shareholder Returns
BOSCHLTD,Mar 2021,372.0,1.7323651452282158,Strong,55.449101796407184,High,44.550898203592816,+,-,-,Shareholder Returns
BOSCHLTD,Mar 2022,238.0,0.22267871815940837,Weak,12.177121771217712,Low,87.82287822878229,+,-,-,Shareholder Returns
BOSCHLTD,Mar 2023,1476.0,0.8525280898876404,Moderate,21.581548599670512,Low,121.58154859967053,+,+,-,Liquidating Assets
BOSCHLTD,Mar 2024,1536.0,0.5032128514056224,Moderate,22.585794094173984,Low,122.58579409417398,+,+,-,Liquidating Assets
BPCL,TTM,,,Unknown,,Unknown,,Unknown,Unknown,Unknown,Mixed
BPCL,Mar 2013,2322.0,3.0609504132231407,Strong,60.816739790752614,High,39.183260209247386,+,-,-,Shareholder Returns
BPCL,Mar 2014,2707.0,2.3656550703182826,Strong,71.76679182311221,High,28.233208176887775,+,-,-,Shareholder Returns
BPCL,Mar 2015,10206.0,4.0814639905549,Strong,50.79548741683541,High,49.20451258316459,+,-,-,Shareholder Returns
BPCL,Mar 2016,1886.0,1.3745827667202373,Strong,83.03804298947746,High,16.96195701052253,+,-,-,Shareholder Returns
BPCL,Mar 2017,-6233.0,0.9509834858525297,Moderate,168.9414887733658,High,-68.94148877336578,+,-,+,Growth Funded by Debt
BPCL,Mar 2018,4002.0,1.1303104575163399,Strong,63.84170581857608,High,36.15829418142392,+,-,-,Shareholder Returns
BPCL,Mar 2019,-294.0,1.1910178236397748,Strong,102.89455547898001,High,-2.894555478980014,+,-,+,Growth Funded by Debt
BPCL,Mar 2020,-3254.0,2.1497545008183305,Strong,141.2891765004441,High,-41.28917650044411,+,-,+,Growth Funded by Debt
BPCL,Mar 2021,20981.0,1.3542147806004619,Strong,10.547857599658922,Low,89.45214240034109,+,-,-,Shareholder Returns
BPCL,Mar 2022,12198.0,1.7407978085944187,Strong,40.01770259638081,Moderate,59.9822974036192,+,-,-,Shareholder Returns
BPCL,Mar 2023,4660.0,5.849835757860159,Strong,62.618321835392265,High,37.381678164607735,+,-,-,Shareholder Returns
BPCL,Mar 2024,25415.0,1.3379500353698945,Strong,29.27704808548531,Moderate,70.7229519145147,+,-,-,Shareholder Returns
BRITANNIA,TTM,,,Unknown,,Unknown,,Unknown,Unknown,Unknown,Mixed
BRITANNIA,Mar 2013,348.0,1.2307692307692308,Strong,8.75,Low,108.74999999999999,+,+,-,Liquidating Assets
BRITANNIA,Mar 2014,425.0,1.6987341772151898,Strong,36.661698956780924,Moderate,63.33830104321908,+,-,-,Shareholder Returns
BRITANNIA,Mar 2015,134.0,0.8476052249637155,Moderate,77.05479452054794,High,22.945205479452056,+,-,-,Shareholder Returns
BRITANNIA,Mar 2016,254.0,1.1624242424242424,Strong,73.5140771637122,High,26.485922836287802,+,-,-,Shareholder Returns
BRITANNIA,Mar 2017,291.0,0.49830508474576274,Weak,34.01360544217687,Moderate,65.98639455782312,+,-,-,Shareholder Returns
BRITANNIA,Mar 2018,292.0,1.2440239043824701,Strong,76.62129703763011,High,23.378702962369896,+,-,-,Shareholder Returns
BRITANNIA,Mar 2019,304.0,1.000865800865801,Strong,73.70242214532871,High,26.297577854671278,+,-,-,Shareholder Returns
BRITANNIA,Mar 2020,-41.0,1.0652797704447632,Strong,102.76094276094277,High,-2.760942760942761,+,-,+,Growth Funded by Debt
BRITANNIA,Mar 2021,2309.0,1.0135062128579146,Strong,23.08102345415778,Low,123.08102345415779,+,+,-,Liquidating Assets
BRITANNIA,Mar 2022,2214.0,0.8575197889182058,Moderate,70.3076923076923,High,170.30769230769232,+,+,-,Liquidating Assets
BRITANNIA,Mar 2023,1019.0,1.0906735751295338,Strong,59.65954077593032,High,40.340459224069676,+,-,-,Shareholder Returns
BRITANNIA,Mar 2024,3050.0,1.2057169634489222,Strong,18.53867081228138,Low,118.53867081228138,+,+,-,Liquidating Assets
CANBK,TTM,,,Unknown,,Unknown,,Unknown,Unknown,Unknown,Mixed
CANBK,Mar 2013,7575.0,2.674457429048414,Strong,5.430711610486892,Low,94.5692883895131,+,-,-,Shareholder Returns
CANBK,Mar 2014,13864.0,5.330838323353293,Strong,2.667789946644201,Low,97.3322100533558,+,-,-,Shareholder Returns
CANBK,Mar 2015,5240.0,2.1644489935175706,Strong,17.402269861286253,Low,82.59773013871374,+,-,-,Shareholder Returns
CANBK,Mar 2016,8903.0,3.686785009861933,Strong,4.739995720094158,Low,95.26000427990584,+,-,-,Shareholder Returns
CANBK,Mar 2017,2099.0,1.824946846208363,Strong,18.485436893203882,Low,81.51456310679612,+,-,+,Growth Funded by Debt
CANBK,Mar 2018,-11607.0,-2.871159308029951,Weak,4.379496402877698,Low,104.37949640287769,-,-,+,Distress Signal
CANBK,Mar 2019,17492.0,26.20258620689655,Strong,4.085101716291057,Low,95.91489828370894,+,-,-,Shareholder Returns
CANBK,Mar 2020,-5734.0,-2.7532535137948986,Weak,8.413688788050672,Low,108.41368878805066,-,-,+,Distress Signal
CANBK,Mar 2021,58002.0,19.99256002705445,Strong,1.8877499238810516,Low,98.11225007611894,+,-,+,Growth Funded by Debt
CANBK,Mar 2022,-510.0,0.14923676518350112,Weak,155.49510337323179,High,-55.49510337323177,+,-,+,Growth Funded by Debt
CANBK,Mar 2023,-41134.0,-3.523843102688409,Weak,2.8915903747060887,Low,102.8915903747061,-,-,+,Distress Signal
CANBK,Mar 2024,13296.0,0.9769495487306019,Moderate,11.630998271965971,Low,88.36900172803402,+,-,-,Shareholder Returns
CHOLAFIN,TTM,,,Unknown,,Unknown,,Unknown,Unknown,Unknown,Mixed
CHOLAFIN,Mar 2013,-3749.0,-12.188311688311689,Weak,0.13319126265316997,Low,99.86680873734683,-,+,+,Distress Signal
CHOLAFIN,Mar 2014,-2530.0,-6.649456521739131,Weak,3.3919084593379645,Low,103.39190845933797,-,-,+,Distress Signal
CHOLAFIN,Mar 2015,-2304.0,-5.099099099099099,Weak,1.76678445229682,Low,101.7667844522968,-,-,+,Distress Signal
CHOLAFIN,Mar 2016,-2946.0,-4.885217391304348,Weak,4.877180491278034,Low,104.87718049127804,-,-,+,Distress Signal
CHOLAFIN,Mar 2017,-1690.0,-2.0445682451253484,Weak,15.122615803814716,Low,115.12261580381471,-,-,+,Distress Signal
CHOLAFIN,Mar 2018,-7986.0,-8.633986928104575,Weak,0.757002271006813,Low,100.75700227100681,-,-,+,Distress Signal
CHOLAFIN,Mar 2019,-9328.0,-7.783625730994152,Weak,0.11806375442739078,Low,100.1180637544274,-,-,+,Distress Signal
CHOLAFIN,Mar 2020,-2129.0,-1.9686907020872866,Weak,2.602409638554217,Low,102.60240963855422,-,-,+,Distress Signal
CHOLAFIN,Mar 2021,-10594.0,-5.817225509533202,Weak,19.733273056057865,Low,119.73327305605788,-,-,+,Distress Signal
CHOLAFIN,Mar 2022,-3931.0,-2.586350974930362,Weak,29.438161909890503,Moderate,70.56183809010949,-,+,+,Distress Signal
CHOLAFIN,Mar 2023,-29253.0,-10.170731707317072,Weak,7.924737133370227,Low,107.92473713337023,-,-,+,Distress Signal
CHOLAFIN,Mar 2024,-38538.0,-10.433625730994152,Weak,8.001008883782193,Low,108.00100888378219,-,-,+,Distress Signal
CIPLA,TTM,,,Unknown,,Unknown,,Unknown,Unknown,Unknown,Mixed
CIPLA,Mar 2013,-665.0,0.9048543689320389,Moderate,147.56795422031473,High,-47.56795422031473,+,-,+,Growth Funded by Debt
CIPLA,Mar 2014,298.0,1.1132478632478633,Strong,80.93410108765195,High,19.065898912348047,+,-,-,Shareholder Returns
CIPLA,Mar 2015,223.0,0.9544344995931652,Moderate,80.98891730605285,High,19.01108269394714,+,-,+,Growth Funded by Debt
CIPLA,Mar 2016,-2792.0,1.2588575560375994,Strong,260.3676048248133,High,-160.36760482481333,+,-,+,Growth Funded by Debt
CIPLA,Mar 2017,1078.0,2.301449275362319,Strong,54.743912678421495,High,45.256087321578505,+,-,-,Shareholder Returns
CIPLA,Mar 2018,629.0,1.0324629498941424,Strong,57.00615174299385,High,42.99384825700615,+,-,-,Shareholder Returns
CIPLA,Mar 2019,3.0,1.133378016085791,Strong,99.82259018332348,High,0.17740981667652278,+,-,-,Shareholder Returns
CIPLA,Mar 2020,3182.0,2.0453333333333332,Strong,3.715775749674054,Low,103.71577574967405,+,+,-,Liquidating Assets
CIPLA,Mar 2021,1381.0,1.571787358727501,Strong,63.222370173102526,High,36.77762982689747,+,-,-,Shareholder Returns
CIPLA,Mar 2022,1468.0,1.3058500196309384,Strong,55.86289837642814,High,44.13710162357186,+,-,-,Shareholder Returns
CIPLA,Mar 2023,862.0,1.1429579950582422,Strong,73.3786287831995,High,26.621371216800494,+,-,-,Shareholder Returns
CIPLA,Mar 2024,1152.0,0.9951853635050554,Moderate,72.13352685050798,High,27.866473149492016,+,-,-,Shareholder Returns
COALINDIA,TTM,,,Unknown,,Unknown,,Unknown,Unknown,Unknown,Mixed
COALINDIA,Mar 2013,7276.0,0.5248329108089421,Moderate,20.12295531891536,Low,79.87704468108464,+,-,-,Shareholder Returns
COALINDIA,Mar 2014,23105.0,0.9611566966649021,Moderate,59.070567986230635,High,159.07056798623063,+,+,-,Liquidating Assets
COALINDIA,Mar 2015,15276.0,1.0477161797916514,Strong,6.2161034626616605,Low,106.21610346266166,+,+,-,Liquidating Assets
COALINDIA,Mar 2016,21308.0,0.9219878040232705,Moderate,61.98874866960621,High,161.9887486696062,+,+,-,Liquidating Assets
COALINDIA,Mar 2017,16916.0,1.7738146551724139,Strong,2.7641091063726386,Low,102.76410910637264,+,+,-,Liquidating Assets
COALINDIA,Mar 2018,13368.0,3.000142085819835,Strong,36.689557186834,Moderate,63.31044281316599,+,-,-,Shareholder Returns
COALINDIA,Mar 2019,8460.0,0.9365551992670637,Moderate,48.275862068965516,Moderate,51.724137931034484,+,-,-,Shareholder Returns
COALINDIA,Mar 2020,6010.0,0.2980239520958084,Weak,20.755475185854934,Low,120.75547518585495,+,+,-,Liquidating Assets
COALINDIA,Mar 2021,10774.0,0.8338844276491891,Moderate,1.7182779456193353,Low,101.71827794561933,+,+,-,Liquidating Assets
COALINDIA,Mar 2022,15392.0,2.365462078490045,Strong,62.55625562556255,High,37.44374437443744,+,-,-,Shareholder Returns
COALINDIA,Mar 2023,12269.0,1.1264382309365444,Strong,65.66575250461744,High,34.33424749538255,+,-,-,Shareholder Returns
COALINDIA,Mar 2024,13617.0,0.48443897348069254,Weak,24.780423134287137,Low,75.21957686571287,+,-,-,Shareholder Returns
DABUR,TTM,,,Unknown,,Unknown,,Unknown,Unknown,Unknown,Mixed
DABUR,Mar 2013,248.0,1.1357702349869452,Strong,71.49425287356321,High,28.50574712643678,+,-,-,Shareholder Returns
DABUR,Mar 2014,994.0,1.1986899563318778,Strong,9.47176684881603,Low,90.52823315118397,+,-,-,Shareholder Returns
DABUR,Mar 2015,171.0,0.9803370786516854,Moderate,83.66762177650429,High,16.332378223495702,+,-,-,Shareholder Returns
DABUR,Mar 2016,457.0,0.9465709728867624,Moderate,61.499578770008426,High,38.500421229991574,+,-,-,Shareholder Returns
DABUR,Mar 2017,420.0,0.95859375,Moderate,65.77017114914425,High,34.229828850855746,+,-,-,Shareholder Returns
DABUR,Mar 2018,551.0,0.8041237113402062,Moderate,49.54212454212454,Moderate,50.45787545787546,+,-,-,Shareholder Returns
DABUR,Mar 2019,1837.0,1.0366528354080222,Strong,22.548365577051367,Low,122.54836557705137,+,+,-,Liquidating Assets
DABUR,Mar 2020,1097.0,1.1146408839779005,Strong,32.032218091697644,Moderate,67.96778190830236,+,-,-,Shareholder Returns
DABUR,Mar 2021,711.0,1.247787610619469,Strong,66.38297872340425,High,33.61702127659574,+,-,-,Shareholder Returns
DABUR,Mar 2022,529.0,1.034443168771527,Strong,70.64372918978913,High,29.356270810210876,+,-,-,Shareholder Returns
DABUR,Mar 2023,905.0,0.8747795414462081,Moderate,39.18010752688172,Moderate,60.81989247311827,+,-,-,Shareholder Returns
DABUR,Mar 2024,1042.0,1.1115405853119824,Strong,48.23646299056135,Moderate,51.76353700943865,+,-,-,Shareholder Returns
DIVISLAB,TTM,,,Unknown,,Unknown,,Unknown,Unknown,Unknown,Mixed
DIVISLAB,Mar 2013,225.0,0.7973421926910299,Moderate,53.125,High,46.875,+,-,-,Shareholder Returns
DIVISLAB,Mar 2014,252.0,0.720569210866753,Moderate,54.7576301615799,High,45.24236983842011,+,-,-,Shareholder Returns
DIVISLAB,Mar 2015,305.0,0.9694835680751174,Moderate,63.07506053268766,High,36.92493946731235,+,-,-,Shareholder Returns
DIVISLAB,Mar 2016,632.0,0.9218472468916519,Moderate,39.113680154142585,Moderate,60.886319845857415,+,-,-,Shareholder Returns
DIVISLAB,Mar 2017,10.0,1.0849056603773586,Strong,99.1304347826087,High,0.8695652173913043,+,-,+,Growth Funded by Debt
DIVISLAB,Mar 2018,298.0,0.8848346636259977,Moderate,61.5979381443299,High,38.402061855670105,+,-,-,Shareholder Returns
DIVISLAB,Mar 2019,269.0,0.70509977827051,Moderate,71.80293501048219,High,28.197064989517816,+,-,-,Shareholder Returns
DIVISLAB,Mar 2020,1133.0,0.8830791575889615,Moderate,6.825657894736842,Low,93.17434210526315,+,-,-,Shareholder Returns
DIVISLAB,Mar 2021,2022.0,0.9813508064516129,Moderate,3.8520801232665636,Low,103.85208012326656,+,+,-,Liquidating Assets
DIVISLAB,Mar 2022,-283.0,0.6459459459459459,Moderate,114.80125523012552,High,-14.801255230125523,+,-,-,Reinvestor
DIVISLAB,Mar 2023,-248.0,1.3481359649122806,Strong,110.08540056933714,High,-10.085400569337128,+,-,-,Reinvestor
DIVISLAB,Mar 2024,992.0,0.788125,Moderate,21.332275971451228,Low,78.66772402854878,+,-,-,Shareholder Returns
DLF,TTM,,,Unknown,,Unknown,,Unknown,Unknown,Unknown,Mixed
DLF,Mar 2013,4004.0,3.0119940029985006,Strong,99.30313588850174,High,199.30313588850174,+,+,-,Liquidating Assets
DLF,Mar 2014,5392.0,2.488135593220339,Strong,267.3024523160763,High,367.3024523160763,+,+,-,Liquidating Assets
DLF,Mar 2015,2135.0,4.017751479289941,Strong,4.810996563573884,Low,104.8109965635739,+,+,-,Liquidating Assets
DLF,Mar 2016,2139.0,9.695081967213115,Strong,27.66317213391951,Moderate,72.33682786608048,+,-,-,Shareholder Returns
DLF,Mar 2017,-26.0,-1.268361581920904,Weak,97.10467706013362,High,2.89532293986637,-,+,+,Distress Signal
DLF,Mar 2018,-1832.0,0.060308242126423946,Weak,778.5185185185185,High,-678.5185185185185,+,-,-,Reinvestor
DLF,Mar 2019,2046.0,1.5547945205479452,Strong,0.14684287812041116,Low,100.14684287812041,+,+,+,Liquidating Assets
DLF,Mar 2020,6864.0,0.6033898305084746,Moderate,1828.0898876404492,High,1928.0898876404492,+,+,-,Liquidating Assets
DLF,Mar 2021,1610.0,1.348107109879963,Strong,10.273972602739725,Low,110.27397260273972,+,+,-,Liquidating Assets
DLF,Mar 2022,3099.0,1.888,Strong,9.427966101694915,Low,109.42796610169492,+,+,-,Liquidating Assets
DLF,Mar 2023,1914.0,1.1676499508357916,Strong,19.410526315789472,Low,80.58947368421052,+,-,-,Shareholder Returns
DLF,Mar 2024,1010.0,0.9320851688693098,Moderate,60.22055927530524,High,39.77944072469476,+,-,+,Growth Funded by Debt
DMART,TTM,,,Unknown,,Unknown,,Unknown,Unknown,Unknown,Mixed
DMART,Mar 2013,-104.0,1.351063829787234,Strong,181.88976377952756,High,-81.88976377952756,+,-,+,Growth Funded by Debt
DMART,Mar 2014,-72.0,1.2298136645962734,Strong,136.36363636363635,High,-36.36363636363637,+,-,+,Growth Funded by Debt
DMART,Mar 2015,-252.0,1.0471698113207548,Strong,213.51351351351352,High,-113.51351351351352,+,-,+,Growth Funded by Debt
DMART,Mar 2016,-200.0,1.353125,Strong,146.189376443418,High,-46.18937644341801,+,-,+,Growth Funded by Debt
DMART,Mar 2017,-2027.0,0.9498956158663883,Moderate,545.4945054945055,High,-445.4945054945055,+,-,+,Growth Funded by Debt
DMART,Mar 2018,1194.0,0.9057071960297767,Moderate,63.561643835616444,High,163.56164383561645,+,+,-,Liquidating Assets
DMART,Mar 2019,-151.0,0.8946784922394678,Moderate,118.71127633209417,High,-18.711276332094176,+,-,+,Growth Funded by Debt
DMART,Mar 2020,-3377.0,0.9838585703305149,Moderate,363.828125,High,-263.828125,+,-,+,Growth Funded by Debt
DMART,Mar 2021,265.0,1.2511373976342128,Strong,80.72727272727272,High,19.272727272727273,+,-,-,Shareholder Returns
DMART,Mar 2022,83.0,0.9195710455764075,Moderate,93.95043731778425,High,6.049562682215743,+,-,-,Shareholder Returns
DMART,Mar 2023,317.0,1.1059714045416316,Strong,87.9467680608365,High,12.0532319391635,+,-,-,Shareholder Returns
DMART,Mar 2024,278.0,1.082807570977918,Strong,89.8761835396941,High,10.1238164603059,+,-,-,Shareholder Returns
DRREDDY,TTM,,,Unknown,,Unknown,,Unknown,Unknown,Unknown,Mixed
DRREDDY,Mar 2013,-59.0,0.9024230517354289,Moderate,104.28156748911465,High,-4.281567489114659,+,-,-,Reinvestor
DRREDDY,Mar 2014,366.0,1.0035659704533877,Strong,81.42131979695432,High,18.578680203045685,+,-,-,Shareholder Returns
DRREDDY,Mar 2015,154.0,1.0804794520547945,Strong,93.89857369255151,High,6.101426307448494,+,-,-,Shareholder Returns
DRREDDY,Mar 2016,1653.0,1.5312060065696855,Strong,49.34109714986209,Moderate,50.65890285013791,+,-,-,Shareholder Returns
DRREDDY,Mar 2017,254.0,1.6594427244582044,Strong,88.15298507462687,High,11.847014925373134,+,-,-,Shareholder Returns
DRREDDY,Mar 2018,320.0,1.903907074973601,Strong,82.25180255130338,High,17.74819744869662,+,-,-,Shareholder Returns
DRREDDY,Mar 2019,2101.0,1.471794871794872,Strong,26.794425087108014,Moderate,73.20557491289199,+,-,-,Shareholder Returns
DRREDDY,Mar 2020,2489.0,1.472852912142152,Strong,16.58847184986595,Low,83.41152815013405,+,-,-,Shareholder Returns
DRREDDY,Mar 2021,1315.0,1.8288934426229508,Strong,63.16526610644257,High,36.83473389355743,+,-,-,Shareholder Returns
DRREDDY,Mar 2022,246.0,1.2882676443629697,Strong,91.2486659551761,High,8.751334044823906,+,-,-,Shareholder Returns
DRREDDY,Mar 2023,1779.0,1.3064122476148214,Strong,69.78600543478261,High,30.21399456521739,+,-,-,Shareholder Returns
DRREDDY,Mar 2024,509.0,0.8144496235209753,Moderate,88.79594981289897,High,11.204050187101036,+,-,-,Shareholder Returns
EICHERMOT,TTM,,,Unknown,,Unknown,,Unknown,Unknown,Unknown,Mixed
EICHERMOT,Dec 2012,-277.0,1.0442105263157895,Strong,155.84677419354838,High,-55.846774193548384,+,-,-,Reinvestor
EICHERMOT,Dec 2013,-74.0,1.3638095238095238,Strong,110.33519553072625,High,-10.335195530726256,+,-,-,Reinvestor
EICHERMOT,Dec 2014,-167.0,1.4914529914529915,Strong,115.95033428844317,High,-15.950334288443171,+,-,-,Reinvestor
EICHERMOT,Mar 2016,462.0,1.093423019431988,Strong,68.42105263157895,High,31.57894736842105,+,-,-,Shareholder Returns
EICHERMOT,Mar 2017,-36.0,1.0245950809838031,Strong,102.10772833723654,High,-2.107728337236534,+,-,+,Growth Funded by Debt
EICHERMOT,Mar 2018,337.0,1.2663265306122449,Strong,86.42224012892828,High,13.577759871071715,+,-,-,Shareholder Returns
EICHERMOT,Mar 2019,915.0,0.7149341806627326,Moderate,41.904761904761905,Moderate,58.0952380952381,+,-,-,Shareholder Returns
EICHERMOT,Mar 2020,186.0,0.9272030651340997,Moderate,89.02007083825265,High,10.979929161747345,+,-,-,Shareholder Returns
EICHERMOT,Mar 2021,66.0,1.2553823311061618,Strong,96.0969840331165,High,3.903015966883501,+,-,-,Shareholder Returns
EICHERMOT,Mar 2022,544.0,0.9105545617173524,Moderate,64.37459070072038,High,35.62540929927963,+,-,-,Shareholder Returns
EICHERMOT,Mar 2023,426.0,0.9687714481811942,Moderate,84.9096705632306,High,15.090329436769395,+,-,-,Shareholder Returns
EICHERMOT,Mar 2024,890.0,0.9307673081729567,Moderate,76.10096670247046,High,23.899033297529538,+,-,-,Shareholder Returns
GAIL,TTM,,,Unknown,,Unknown,,Unknown,Unknown,Unknown,Mixed
GAIL,Mar 2013,-2023.0,1.5120219830547286,Strong,130.63758897470848,High,-30.637588974708468,+,-,+,Growth Funded by Debt
GAIL,Mar 2014,149.0,0.9642707898035938,Moderate,96.77139761646804,High,3.228602383531961,+,-,-,Shareholder Returns
GAIL,Mar 2015,1405.0,1.3335443037974684,Strong,66.65875652586615,High,33.34124347413384,+,-,-,Shareholder Returns
GAIL,Mar 2016,3056.0,2.113127001067236,Strong,22.828282828282827,Low,77.17171717171716,+,-,-,Shareholder Returns
GAIL,Mar 2017,5690.0,1.7854179016004743,Strong,5.544488711819389,Low,94.45551128818062,+,-,-,Shareholder Returns
GAIL,Mar 2018,6109.0,1.8249739854318419,Strong,30.334131599954382,Moderate,69.66586840004561,+,-,-,Shareholder Returns
GAIL,Mar 2019,2283.0,1.2183732641538227,Strong,71.40531062124249,High,28.594689378757515,+,-,-,Shareholder Returns
GAIL,Mar 2020,46.0,0.8770362585391487,Moderate,99.44877171959257,High,0.5512282804074297,+,-,+,Growth Funded by Debt
GAIL,Mar 2021,4353.0,1.463942699007,Strong,51.59568553319248,High,48.40431446680752,+,-,-,Shareholder Returns
GAIL,Mar 2022,3930.0,0.7656046814044213,Moderate,58.28025477707006,High,41.71974522292994,+,-,-,Shareholder Returns
GAIL,Mar 2023,-4248.0,0.5727305218012866,Moderate,232.54290171606863,High,-132.54290171606863,+,-,+,Growth Funded by Debt
GAIL,Mar 2024,4360.0,1.270928001615672,Strong,65.35833465755601,High,34.641665342443986,+,-,-,Shareholder Returns
GODREJCP,TTM,,,Unknown,,Unknown,,Unknown,Unknown,Unknown,Mixed
GODREJCP,Mar 2013,-45.0,0.9704142011834319,Moderate,105.48780487804879,High,-5.487804878048781,+,-,+,Growth Funded by Debt
GODREJCP,Mar 2014,622.0,1.3626373626373627,Strong,44.2652329749104,Moderate,55.7347670250896,+,-,-,Shareholder Returns
GODREJCP,Mar 2015,-209.0,1.0522540983606556,Strong,120.35053554040896,High,-20.35053554040896,+,-,-,Reinvestor
GODREJCP,Mar 2016,225.0,1.0192539109506618,Strong,73.43565525383707,High,26.564344746162927,+,-,-,Shareholder Returns
GODREJCP,Mar 2017,-383.0,1.4220183486238531,Strong,120.59139784946235,High,-20.591397849462364,+,-,+,Growth Funded by Debt
GODREJCP,Mar 2018,1387.0,1.0544675642594858,Strong,19.50087057457922,Low,80.49912942542078,+,-,-,Shareholder Returns
GODREJCP,Mar 2019,2003.0,0.7382578992314262,Moderate,15.847310584152691,Low,115.8473105841527,+,+,-,Liquidating Assets
GODREJCP,Mar 2020,1036.0,1.0607882431529727,Strong,34.76070528967254,Moderate,65.23929471032746,+,-,-,Shareholder Returns
GODREJCP,Mar 2021,1738.0,1.179546775130738,Strong,14.384236453201972,Low,85.61576354679804,+,-,-,Shareholder Returns
GODREJCP,Mar 2022,607.0,0.8137969713965227,Moderate,58.166781529979325,High,41.833218470020675,+,-,-,Shareholder Returns
GODREJCP,Mar 2023,397.0,1.263807285546416,Strong,81.54346815434683,High,18.456531845653185,+,-,-,Shareholder Returns
GODREJCP,Mar 2024,-1365.0,3.6898395721925135,Strong,165.94202898550725,High,-65.94202898550725,+,-,+,Growth Funded by Debt
GRASIM,TTM,,,Unknown,,Unknown,,Unknown,Unknown,Unknown,Mixed
GRASIM,Mar 2013,-1445.0,1.1228163049232398,Strong,134.06412069778406,High,-34.06412069778406,+,-,+,Growth Funded by Debt
GRASIM,Mar 2014,1213.0,1.2014218009478672,Strong,65.82135812905044,High,34.17864187094956,+,-,-,Shareholder Returns
GRASIM,Mar 2015,2235.0,1.7792408985282726,Strong,51.34958641706574,High,48.65041358293426,+,-,-,Shareholder Returns
GRASIM,Mar 2016,1353.0,1.6984081041968162,Strong,76.94274028629857,High,23.05725971370143,+,-,-,Shareholder Returns
GRASIM,Mar 2017,3779.0,1.7164390014130946,Strong,48.147639956092206,Moderate,51.852360043907794,+,-,-,Shareholder Returns
GRASIM,Mar 2018,-2594.0,-1.1225596529284165,Weak,37.34299516908213,Moderate,62.65700483091787,-,+,+,Distress Signal
GRASIM,Mar 2019,-3871.0,-0.6043715846994535,Weak,133.33333333333331,High,233.33333333333334,-,-,+,Distress Signal
GRASIM,Mar 2020,5256.0,2.5033890646181653,Strong,68.3754512635379,High,31.624548736462092,+,-,-,Shareholder Returns
GRASIM,Mar 2021,7929.0,2.157578359811078,Strong,47.40298507462686,Moderate,52.59701492537313,+,-,-,Shareholder Returns
GRASIM,Mar 2022,5985.0,0.6280563983580225,Moderate,14.961636828644501,Low,85.0383631713555,+,-,-,Shareholder Returns
GRASIM,Mar 2023,-26397.0,-1.1450622856111212,Weak,108.0961765865195,High,208.0961765865195,-,-,+,Distress Signal
GRASIM,Mar 2024,-33833.0,-1.0798911948418295,Weak,215.63578692042168,High,315.6357869204217,-,-,+,Distress Signal
HAL,TTM,,,Unknown,,Unknown,,Unknown,Unknown,Unknown,Mixed
HAL,Mar 2013,,,Unknown,,Unknown,,Unknown,Unknown,Unknown,Mixed
HAL,Mar 2014,,,Unknown,,Unknown,,Unknown,Unknown,Unknown,Mixed
HAL,Mar 2015,,,Unknown,,Unknown,,Unknown,Unknown,Unknown,Mixed
HAL,Mar 2016,,,Unknown,,Unknown,,Unknown,Unknown,Unknown,Mixed
HAL,Mar 2017,2598.0,-0.16169724770642202,Weak,714.1843971631206,High,-614.1843971631206,-,+,-,Mixed
HAL,Mar 2018,-140.0,-0.36940110719677904,Weak,80.92643051771117,High,19.07356948228883,-,+,-,Mixed
HAL,Mar 2019,-2402.0,-3.279624893435635,Weak,68.78086820899402,High,31.219131791005978,-,+,+,Distress Signal
HAL,Mar 2020,203.0,0.5408163265306123,Moderate,86.79245283018868,High,13.20754716981132,+,-,+,Growth Funded by Debt
HAL,Mar 2021,13934.0,4.669342389626428,Strong,7.8682888124834705,Low,92.13171118751653,+,-,-,Shareholder Returns
HAL,Mar 2022,-2609.0,2.0015729453401496,Strong,125.62868369351669,High,-25.628683693516702,+,-,-,Reinvestor
HAL,Mar 2023,3102.0,1.5205644467389434,Strong,64.8936170212766,High,35.1063829787234,+,-,-,Shareholder Returns
HAL,Mar 2024,1814.0,1.0830809743252139,Strong,77.94796985168976,High,22.052030148310237,+,-,-,Shareholder Returns
HAVELLS,TTM,,,Unknown,,Unknown,,Unknown,Unknown,Unknown,Mixed
HAVELLS,Mar 2013,494.0,1.0981067125645438,Strong,22.570532915360502,Low,77.4294670846395,+,-,-,Shareholder Returns
HAVELLS,Mar 2014,492.0,1.946188340807175,Strong,43.31797235023041,Moderate,56.68202764976959,+,-,-,Shareholder Returns
HAVELLS,Mar 2015,478.0,2.501298701298701,Strong,50.36344755970924,High,49.63655244029076,+,-,-,Shareholder Returns
HAVELLS,Mar 2016,392.0,0.3946153846153846,Weak,23.586744639376217,Low,76.41325536062378,+,-,-,Shareholder Returns
HAVELLS,Mar 2017,547.0,1.5526315789473684,Strong,28.683181225554105,Moderate,71.31681877444589,+,-,-,Shareholder Returns
HAVELLS,Mar 2018,154.0,1.6641452344931922,Strong,86.0,High,14.000000000000002,+,-,-,Shareholder Returns
HAVELLS,Mar 2019,686.0,0.6357868020304569,Moderate,36.92614770459082,Moderate,136.92614770459082,+,+,-,Liquidating Assets
HAVELLS,Mar 2020,279.0,1.125170068027211,Strong,66.26360338573156,High,33.736396614268436,+,-,-,Shareholder Returns
HAVELLS,Mar 2021,-103.0,0.632183908045977,Moderate,115.6060606060606,High,-15.606060606060607,+,-,+,Growth Funded by Debt
HAVELLS,Mar 2022,969.0,1.4448160535117056,Strong,43.92361111111111,Moderate,56.076388888888886,+,-,-,Shareholder Returns
HAVELLS,Mar 2023,596.0,0.5270522388059702,Moderate,5.486725663716814,Low,105.48672566371681,+,+,-,Liquidating Assets
HAVELLS,Mar 2024,335.0,1.5365853658536586,Strong,82.84690220174092,High,17.15309779825909,+,-,-,Shareholder Returns
HCLTECH,TTM,,,Unknown,,Unknown,,Unknown,Unknown,Unknown,Mixed
HCLTECH,Jun 2013,2131.0,1.111881188118812,Strong,52.560106856634015,High,47.439893143365985,+,-,-,Shareholder Returns
HCLTECH,Jun 2014,1615.0,0.9891237745098039,Moderate,74.98838469877653,High,25.01161530122348,+,-,-,Shareholder Returns
HCLTECH,Jun 2015,3451.0,0.7544265867611005,Moderate,37.696335078534034,Moderate,62.30366492146597,+,-,-,Shareholder Returns
HCLTECH,Mar 2016,1615.0,0.682434844698322,Moderate,57.75568924928067,High,42.244310750719336,+,-,-,Shareholder Returns
HCLTECH,Mar 2017,5105.0,1.0452010225424122,Strong,43.24624791550862,Moderate,56.75375208449138,+,-,-,Shareholder Returns
HCLTECH,Mar 2018,6092.0,0.9548268745700528,Moderate,26.849183477425555,Moderate,73.15081652257444,+,-,-,Shareholder Returns
HCLTECH,Mar 2019,5715.0,0.8864624505928854,Moderate,36.294727455133206,Moderate,63.7052725448668,+,-,-,Shareholder Returns
HCLTECH,Mar 2020,1027.0,1.2081939043140093,Strong,92.31229882476232,High,7.687701175237667,+,-,-,Shareholder Returns
HCLTECH,Mar 2021,13953.0,1.756468797564688,Strong,28.876541951269243,Moderate,71.12345804873075,+,-,-,Shareholder Returns
HCLTECH,Mar 2022,18497.0,1.2497226946683428,Strong,9.449704142011834,Low,109.44970414201183,+,+,-,Liquidating Assets
HCLTECH,Mar 2023,14436.0,1.2131357359380264,Strong,19.84007996001999,Low,80.15992003998001,+,-,-,Shareholder Returns
HCLTECH,Mar 2024,15840.0,1.428898790579249,Strong,29.436920883820385,Moderate,70.56307911617962,+,-,-,Shareholder Returns
HDFCBANK,TTM,,,Unknown,,Unknown,,Unknown,Unknown,Unknown,Mixed
HDFCBANK,Mar 2013,-6749.0,-0.8470230334637114,Weak,15.42671455447238,Low,115.42671455447237,-,-,+,Distress Signal
HDFCBANK,Mar 2014,3112.0,0.4802691605839416,Weak,26.098313939681784,Moderate,73.90168606031821,+,-,+,Growth Funded by Debt
HDFCBANK,Mar 2015,-22081.0,-1.9883210314864992,Weak,3.759221841078897,Low,103.75922184107888,-,-,+,Distress Signal
HDFCBANK,Mar 2016,-35272.0,-2.6858279385383357,Weak,2.4306664730651955,Low,102.4306664730652,-,-,+,Distress Signal
HDFCBANK,Mar 2017,16136.0,1.128288829405236,Strong,6.631176947112603,Low,93.3688230528874,+,-,-,Shareholder Returns
HDFCBANK,Mar 2018,16372.0,0.9274284790690157,Moderate,4.891367491576624,Low,95.10863250842337,+,-,+,Growth Funded by Debt
HDFCBANK,Mar 2019,-64375.0,-2.801033591731266,Weak,2.3905713195062983,Low,102.39057131950631,-,-,+,Distress Signal
HDFCBANK,Mar 2020,-18272.0,-0.6180026377491208,Weak,8.317031240737448,Low,108.31703124073744,-,-,+,Distress Signal
HDFCBANK,Mar 2021,40653.0,1.3333333333333333,Strong,4.291835389396366,Low,95.70816461060363,+,-,-,Shareholder Returns
HDFCBANK,Mar 2022,-14011.0,-0.3134911273623234,Weak,17.148829431438127,Low,117.14882943143812,-,-,+,Distress Signal
HDFCBANK,Mar 2023,17822.0,0.45101735682246635,Weak,14.37493994426828,Low,85.62506005573172,+,-,+,Growth Funded by Debt
HDFCBANK,Mar 2024,35669.0,0.2913699844146319,Weak,87.05228381142169,High,187.05228381142166,+,+,-,Liquidating Assets
HDFCLIFE,TTM,,,Unknown,,Unknown,,Unknown,Unknown,Unknown,Mixed
HDFCLIFE,Mar 2013,,,Unknown,,Unknown,,Unknown,Unknown,Unknown,Mixed
HDFCLIFE,Mar 2014,,,Unknown,,Unknown,,Unknown,Unknown,Unknown,Mixed
HDFCLIFE,Mar 2015,945.0,5.673027989821883,Strong,78.80690737833595,High,21.19309262166405,+,-,-,Shareholder Returns
HDFCLIFE,Mar 2016,1725.0,6.960832313341493,Strong,69.66766309126076,High,30.332336908739233,+,-,-,Shareholder Returns
HDFCLIFE,Mar 2017,1053.0,7.023675310033822,Strong,83.09791332263242,High,16.902086677367574,+,-,-,Shareholder Returns
HDFCLIFE,Mar 2018,2318.0,6.087624209575429,Strong,65.6032052233269,High,34.3967947766731,+,-,-,Shareholder Returns
HDFCLIFE,Mar 2019,-314.0,7.721439749608764,Strong,103.18200243210376,High,-3.18200243210377,+,-,-,Reinvestor
HDFCLIFE,Mar 2020,-401.0,5.696222050886662,Strong,105.42772062804548,High,-5.4277206280454795,+,-,+,Growth Funded by Debt
HDFCLIFE,Mar 2021,751.0,7.129316678912565,Strong,92.26012573430897,High,7.739874265691022,+,-,+,Growth Funded by Debt
HDFCLIFE,Mar 2022,5142.0,4.47852298417483,Strong,13.47804139323574,Low,86.52195860676426,+,-,-,Shareholder Returns
HDFCLIFE,Mar 2023,-3188.0,5.031432748538012,Strong,146.31701293040825,High,-46.317012930408254,+,-,+,Growth Funded by Debt
HDFCLIFE,Mar 2024,-2893.0,6.81130876747141,Strong,126.98442309486056,High,-26.984423094860553,+,-,-,Reinvestor
HEROMOTOCO,TTM,,,Unknown,,Unknown,,Unknown,Unknown,Unknown,Mixed
HEROMOTOCO,Mar 2014,1347.0,1.4096098953377736,Strong,54.539318258521774,High,45.46068174147823,+,-,-,Shareholder Returns
HEROMOTOCO,Mar 2015,2217.0,0.9247038917089678,Moderate,1.4181152790484903,Low,101.4181152790485,+,+,-,Liquidating Assets
HEROMOTOCO,Mar 2016,1422.0,1.1960154241645244,Strong,61.79473401397099,High,38.20526598602902,+,-,-,Shareholder Returns
HEROMOTOCO,Mar 2017,2035.0,1.1300056401579244,Strong,49.21387571749439,Moderate,50.78612428250562,+,-,-,Shareholder Returns
HEROMOTOCO,Mar 2018,2159.0,1.0792584631918323,Strong,46.25342295245208,Moderate,53.746577047547916,+,-,-,Shareholder Returns
HEROMOTOCO,Mar 2019,2330.0,0.2977495672244662,Weak,125.7751937984496,High,225.7751937984496,+,+,-,Liquidating Assets
HEROMOTOCO,Mar 2020,2699.0,1.508062312107133,Strong,51.087350489307724,High,48.91264951069228,+,-,-,Shareholder Returns
HEROMOTOCO,Mar 2021,1821.0,1.3998637602179838,Strong,55.693430656934304,High,44.306569343065696,+,-,-,Shareholder Returns
HEROMOTOCO,Mar 2022,1882.0,0.9033920137398025,Moderate,10.551330798479087,Low,89.44866920152091,+,-,-,Shareholder Returns
HEROMOTOCO,Mar 2023,2193.0,0.9335714285714286,Moderate,16.10558530986993,Low,83.89441469013008,+,-,-,Shareholder Returns
HEROMOTOCO,Mar 2024,3095.0,1.3156066274719402,Strong,37.131830184846635,Moderate,62.868169815153365,+,-,-,Shareholder Returns
HINDALCO,TTM,,,Unknown,,Unknown,,Unknown,Unknown,Unknown,Mixed
HINDALCO,Mar 2013,-10824.0,0.9900232790156301,Moderate,463.5875041988579,High,-363.5875041988579,+,-,+,Growth Funded by Debt
HINDALCO,Mar 2014,-139.0,3.624601366742597,Strong,101.74710910005027,High,-1.7471091000502765,+,-,+,Growth Funded by Debt
HINDALCO,Mar 2015,3270.0,27.57915057915058,Strong,54.22091558168837,High,45.77908441831163,+,-,-,Shareholder Returns
HINDALCO,Mar 2016,8468.0,16.64957264957265,Strong,27.54962354551677,Moderate,72.45037645448323,+,-,-,Shareholder Returns
HINDALCO,Mar 2017,9811.0,6.741232731137088,Strong,22.66887365019311,Low,77.3311263498069,+,-,-,Shareholder Returns
HINDALCO,Mar 2018,16231.0,1.7915502219299688,Strong,48.93558451091943,Moderate,148.93558451091943,+,+,-,Liquidating Assets
HINDALCO,Mar 2019,6521.0,2.1796178343949046,Strong,45.55397845871253,Moderate,54.44602154128747,+,-,-,Shareholder Returns
HINDALCO,Mar 2020,5518.0,3.383328908946111,Strong,56.704590035307966,High,43.29540996469204,+,-,+,Growth Funded by Debt
HINDALCO,Mar 2021,-8048.0,4.9474590869939705,Strong,146.70380687093777,High,-46.70380687093779,+,-,-,Reinvestor
HINDALCO,Mar 2022,10065.0,1.226365622723962,Strong,40.22449221997862,Moderate,59.77550778002138,+,-,-,Shareholder Returns
HINDALCO,Mar 2023,11649.0,1.9023472318510448,Strong,39.35339441899209,Moderate,60.64660558100792,+,-,-,Shareholder Returns
HINDALCO,Mar 2024,9789.0,2.368882323978336,Strong,59.30744928500167,High,40.69255071499834,+,-,-,Shareholder Returns
HINDUNILVR,TTM,,,Unknown,,Unknown,,Unknown,Unknown,Unknown,Mixed
HINDUNILVR,Mar 2013,3668.0,0.9390466267257098,Moderate,1.7475728155339807,Low,101.74757281553397,+,+,-,Liquidating Assets
HINDUNILVR,Mar 2014,3343.0,0.9651162790697675,Moderate,12.441068622315349,Low,87.55893137768466,+,-,-,Shareholder Returns
HINDUNILVR,Mar 2015,3430.0,0.7522851919561243,Moderate,4.191980558930741,Low,104.19198055893074,+,+,-,Liquidating Assets
HINDUNILVR,Mar 2016,3889.0,1.0048181161165983,Strong,6.76096859266363,Low,93.23903140733637,+,-,-,Shareholder Returns
HINDUNILVR,Mar 2017,4012.0,1.1547884187082404,Strong,22.62295081967213,Low,77.37704918032787,+,-,-,Shareholder Returns
HINDUNILVR,Mar 2018,4996.0,1.1591735220968051,Strong,17.544149199537877,Low,82.45585080046213,+,-,-,Shareholder Returns
HINDUNILVR,Mar 2019,5362.0,0.9570957095709571,Moderate,7.551724137931035,Low,92.44827586206897,+,-,-,Shareholder Returns
HINDUNILVR,Mar 2020,9414.0,1.1283303730017762,Strong,23.494687131050767,Low,123.49468713105077,+,+,-,Liquidating Assets
HINDUNILVR,Mar 2021,7935.0,1.1455181897737217,Strong,13.401724326094074,Low,86.59827567390592,+,-,-,Shareholder Returns
HINDUNILVR,Mar 2022,7320.0,1.0175438596491229,Strong,19.098143236074268,Low,80.90185676392572,+,-,-,Shareholder Returns
HINDUNILVR,Mar 2023,8507.0,0.9850142955733018,Moderate,14.853368031228106,Low,85.14663196877189,+,-,-,Shareholder Returns
HINDUNILVR,Mar 2024,10145.0,1.504473837774752,Strong,34.417221539853905,Moderate,65.5827784601461,+,-,-,Shareholder Returns
ICICIBANK,TTM,,,Unknown,,Unknown,,Unknown,Unknown,Unknown,Mixed
ICICIBANK,Mar 2013,-1069.0,1.726949654491609,Strong,106.11066651423344,High,-6.1106665142334515,+,-,+,Growth Funded by Debt
ICICIBANK,Mar 2014,-8985.0,0.5793440095915047,Moderate,232.8159645232816,High,-132.8159645232816,+,-,+,Growth Funded by Debt
ICICIBANK,Mar 2015,-25448.0,-0.9483078349559574,Weak,107.34946630815611,High,207.34946630815608,-,-,+,Distress Signal
ICICIBANK,Mar 2016,11585.0,2.16390592111284,Strong,51.00444068513428,High,48.99555931486572,+,-,+,Growth Funded by Debt
ICICIBANK,Mar 2017,50925.0,4.641622574955909,Strong,3.2506269473364235,Low,96.74937305266357,+,-,-,Shareholder Returns
ICICIBANK,Mar 2018,-31168.0,2.13,Strong,260.80070164577205,High,-160.80070164577208,+,-,+,Growth Funded by Debt
ICICIBANK,Mar 2019,18389.0,8.555282123396028,Strong,62.21774773479074,High,37.78225226520926,+,-,-,Shareholder Returns
ICICIBANK,Mar 2020,37470.0,7.088195991091314,Strong,52.90642870608936,High,47.09357129391064,+,-,+,Growth Funded by Debt
ICICIBANK,Mar 2021,74384.0,6.777401296405421,Strong,46.10440894105713,Moderate,53.89559105894287,+,-,-,Shareholder Returns
ICICIBANK,Mar 2022,18663.0,2.18972793729746,Strong,67.88387740703136,High,32.11612259296863,+,-,+,Growth Funded by Debt
ICICIBANK,Mar 2023,-71460.0,-0.10634217873156425,Weak,1794.9880668257756,High,1894.9880668257756,-,-,+,Distress Signal
ICICIBANK,Mar 2024,12547.0,3.4132071786636575,Strong,92.0227105109229,High,7.977289489077083,+,-,+,Growth Funded by Debt
ICICIGI,TTM,,,Unknown,,Unknown,,Unknown,Unknown,Unknown,Mixed
ICICIGI,Mar 2013,22.0,2.7875354107648724,Strong,97.76422764227642,High,2.2357723577235773,+,-,+,Growth Funded by Debt
ICICIGI,Mar 2014,-111.0,1.1442307692307692,Strong,118.65546218487395,High,-18.65546218487395,+,-,+,Growth Funded by Debt
ICICIGI,Mar 2015,73.0,-0.1675213675213675,Weak,174.48979591836735,High,-74.48979591836735,-,+,-,Mixed
ICICIGI,Mar 2016,201.0,1.0078895463510849,Strong,60.665362035225044,High,39.33463796477495,+,-,-,Shareholder Returns
ICICIGI,Mar 2017,-362.0,2.319088319088319,Strong,122.23587223587225,High,-22.235872235872236,+,-,+,Growth Funded by Debt
ICICIGI,Mar 2018,494.0,2.7726218097447797,Strong,79.3305439330544,High,20.669456066945607,+,-,-,Shareholder Returns
ICICIGI,Mar 2019,120.0,2.8369876072449953,Strong,95.96774193548387,High,4.032258064516129,+,-,-,Shareholder Returns
ICICIGI,Mar 2020,51.0,2.875209380234506,Strong,98.51441887561899,High,1.4855811243810078,+,-,-,Shareholder Returns
ICICIGI,Mar 2021,407.0,1.2043448744059742,Strong,77.05749718151071,High,22.94250281848929,+,-,-,Shareholder Returns
ICICIGI,Mar 2022,944.0,0.6365066876475216,Moderate,16.68726823238566,Low,116.68726823238566,+,+,-,Liquidating Assets
ICICIGI,Mar 2023,605.0,1.324465008675535,Strong,73.58078602620087,High,26.419213973799128,+,-,-,Shareholder Returns
ICICIGI,Mar 2024,486.0,1.2542991141219386,Strong,79.8088907353552,High,20.191109264644787,+,-,-,Shareholder Returns
ICICIPRULI,TTM,,,Unknown,,Unknown,,Unknown,Unknown,Unknown,Mixed
ICICIPRULI,Mar 2013,-1077.0,-1.7432343234323433,Weak,59.219992427110945,High,40.78000757288906,-,+,-,Mixed
ICICIPRULI,Mar 2014,3630.0,-1.5259449071108264,Weak,252.39294710327457,High,-152.39294710327457,-,+,-,Mixed
ICICIPRULI,Mar 2015,-1299.0,0.31890243902439025,Weak,348.37476099426385,High,-248.37476099426388,+,-,-,Reinvestor
ICICIPRULI,Mar 2016,3661.0,2.2024242424242426,Strong,0.7429829389102918,Low,100.74298293891029,+,+,-,Liquidating Assets
ICICIPRULI,Mar 2017,3434.0,2.455410225921522,Strong,16.85230024213075,Low,83.14769975786925,+,-,-,Shareholder Returns
ICICIPRULI,Mar 2018,301.0,3.5145151327980235,Strong,94.71001757469244,High,5.289982425307557,+,-,-,Shareholder Returns
ICICIPRULI,Mar 2019,3818.0,9.988586479367866,Strong,66.44106530719873,High,33.558934692801266,+,-,-,Shareholder Returns
ICICIPRULI,Mar 2020,-2201.0,8.056232427366448,Strong,125.60493252675664,High,-25.60493252675663,+,-,-,Reinvestor
ICICIPRULI,Mar 2021,2230.0,7.650627615062762,Strong,69.51052775499042,High,30.48947224500957,+,-,+,Growth Funded by Debt
ICICIPRULI,Mar 2022,1015.0,2.412384716732543,Strong,44.56581103222283,Moderate,55.434188967777175,+,-,-,Shareholder Returns
ICICIPRULI,Mar 2023,-1056.0,0.10947109471094711,Weak,1286.5168539325844,High,-1186.5168539325844,+,-,-,Reinvestor
ICICIPRULI,Mar 2024,105.0,-8.595769682726205,Weak,101.43540669856459,High,-1.4354066985645932,-,+,-,Mixed
INDIGO,TTM,,,Unknown,,Unknown,,Unknown,Unknown,Unknown,Mixed
INDIGO,Mar 2013,-149.0,2.2121982210927573,Strong,108.55829982768523,High,-8.558299827685238,+,-,+,Growth Funded by Debt
INDIGO,Mar 2014,-1319.0,3.3649789029535864,Strong,182.69592476489026,High,-82.69592476489028,+,-,+,Growth Funded by Debt
INDIGO,Mar 2015,1444.0,1.8282208588957056,Strong,39.42953020134228,Moderate,60.570469798657726,+,-,-,Shareholder Returns
INDIGO,Mar 2016,1779.0,1.5689828801611279,Strong,42.90757381258023,Moderate,57.09242618741976,+,-,-,Shareholder Returns
INDIGO,Mar 2017,749.0,2.2796865581675707,Strong,80.19566367001586,High,19.804336329984135,+,-,-,Shareholder Returns
INDIGO,Mar 2018,-249.0,1.7408563782337199,Strong,106.37970791698694,High,-6.379707916986933,+,-,+,Growth Funded by Debt
INDIGO,Mar 2019,634.0,20.256410256410255,Strong,79.9367088607595,High,20.063291139240505,+,-,-,Shareholder Returns
INDIGO,Mar 2020,2370.0,27.995967741935484,Strong,65.86489989917904,High,34.13510010082097,+,-,-,Shareholder Returns
INDIGO,Mar 2021,1608.0,-0.2625182304326689,Weak,199.25925925925927,High,-99.25925925925925,-,+,-,Pre-Revenue
INDIGO,Mar 2022,3591.0,6.511041009463723,Strong,73.98255813953489,High,173.9825581395349,+,+,-,Liquidating Assets
INDIGO,Mar 2023,8664.0,40.072555205047315,Strong,31.7956388254743,Moderate,68.2043611745257,+,-,-,Shareholder Returns
INDIGO,Mar 2024,9424.0,2.5937308681278317,Strong,55.511495066798844,High,44.48850493320115,+,-,-,Shareholder Returns
INDUSINDBK,TTM,,,Unknown,,Unknown,,Unknown,Unknown,Unknown,Mixed
INDUSINDBK,Mar 2013,-660.0,-0.4580584354382658,Weak,35.80246913580247,Moderate,135.80246913580248,-,-,+,Distress Signal
INDUSINDBK,Mar 2014,-4280.0,-2.9161931818181817,Weak,4.237700925474915,Low,104.23770092547491,-,-,+,Distress Signal
INDUSINDBK,Mar 2015,-1697.0,-0.7920847268673356,Weak,19.422941590429275,Low,119.42294159042928,-,-,+,Distress Signal
INDUSINDBK,Mar 2016,-3185.0,-1.2804024496937882,Weak,8.814485821660403,Low,108.8144858216604,-,-,+,Distress Signal
INDUSINDBK,Mar 2017,11284.0,4.033821478382148,Strong,2.4634799896274524,Low,97.53652001037256,+,-,-,Shareholder Returns
INDUSINDBK,Mar 2018,-20917.0,-5.740432612312812,Weak,1.0483091787439613,Low,101.04830917874396,-,-,+,Distress Signal
INDUSINDBK,Mar 2019,-7022.0,-1.9354740987579522,Weak,9.907653779934263,Low,109.90765377993425,-,-,+,Distress Signal
INDUSINDBK,Mar 2020,-11513.0,-2.724988682661838,Weak,4.3691336489741674,Low,95.63086635102583,-,+,+,Distress Signal
INDUSINDBK,Mar 2021,44420.0,15.7425952045134,Strong,0.5062043632128298,Low,99.49379563678717,+,-,-,Shareholder Returns
INDUSINDBK,Mar 2022,16249.0,3.600086749078291,Strong,2.1144578313253013,Low,97.8855421686747,+,-,-,Shareholder Returns
INDUSINDBK,Mar 2023,-12879.0,-1.683085250338295,Weak,3.545586107091172,Low,103.54558610709117,-,-,+,Distress Signal
INDUSINDBK,Mar 2024,-17468.0,-1.8818994413407821,Weak,3.7107403669180075,Low,103.710740366918,-,-,-,Mixed
INFY,TTM,,,Unknown,,Unknown,,Unknown,Unknown,Unknown,Mixed
INFY,Mar 2013,4451.0,0.781949305334606,Moderate,39.63108639631086,Moderate,60.36891360368914,+,-,-,Shareholder Returns
INFY,Mar 2014,7262.0,0.9220157657657657,Moderate,26.08651399491094,Moderate,73.91348600508906,+,-,-,Shareholder Returns
INFY,Mar 2015,9352.0,0.6751535725832525,Moderate,11.959774931162457,Low,111.95977493116244,+,+,-,Liquidating Assets
INFY,Mar 2016,9143.0,0.7434205649047372,Moderate,8.825289190267252,Low,91.17471080973274,+,-,-,Shareholder Returns
INFY,Mar 2017,-3133.0,0.8033860516965095,Moderate,127.17023675310033,High,-27.17023675310034,+,-,-,Reinvestor
INFY,Mar 2018,17751.0,0.8246303574770728,Moderate,34.294144348615525,Moderate,134.29414434861553,+,+,-,Liquidating Assets
INFY,Mar 2019,14209.0,0.9630759247242051,Moderate,4.258473148709656,Low,95.74152685129035,+,-,-,Shareholder Returns
INFY,Mar 2020,16672.0,1.0218763146823728,Strong,1.9467152855378465,Low,98.05328471446215,+,-,-,Shareholder Returns
INFY,Mar 2021,15851.0,1.195695824537919,Strong,31.74733034791595,Moderate,68.25266965208405,+,-,-,Shareholder Returns
INFY,Mar 2022,17400.0,1.0785243384809897,Strong,27.15093154699602,Moderate,72.84906845300398,+,-,-,Shareholder Returns
INFY,Mar 2023,21396.0,0.9319313091090095,Moderate,4.766991587661904,Low,95.2330084123381,+,-,-,Shareholder Returns
INFY,Mar 2024,20117.0,0.9604541298384639,Moderate,20.20230067433558,Low,79.79769932566441,+,-,-,Shareholder Returns
IOC,TTM,,,Unknown,,Unknown,,Unknown,Unknown,Unknown,Mixed
IOC,Mar 2013,46.0,2.5751309622277363,Strong,99.50749464668094,High,0.4925053533190578,+,-,+,Growth Funded by Debt
IOC,Mar 2014,5601.0,3.4728003444811253,Strong,76.85058896466212,High,23.14941103533788,+,-,-,Shareholder Returns
IOC,Mar 2015,35877.0,9.460591133004925,Strong,22.16219734444155,Low,77.83780265555845,+,-,-,Shareholder Returns
IOC,Mar 2016,12014.0,2.0642874405864817,Strong,53.11426787386825,High,46.88573212613175,+,-,-,Shareholder Returns
IOC,Mar 2017,10532.0,1.3841550159430953,Strong,62.67366033456195,High,37.32633966543805,+,-,-,Shareholder Returns
IOC,Mar 2018,11996.0,1.286793953858393,Strong,58.79787051348102,High,41.20212948651898,+,-,-,Shareholder Returns
IOC,Mar 2019,-9822.0,0.7379298367488711,Moderate,177.0534243351377,High,-77.05342433513768,+,-,+,Growth Funded by Debt
IOC,Mar 2020,-21955.0,3.8091684434968016,Strong,407.23481668066046,High,-307.2348166806605,+,-,+,Growth Funded by Debt
IOC,Mar 2021,26715.0,2.2814998621450235,Strong,46.19335347432024,Moderate,53.80664652567976,+,-,-,Shareholder Returns
IOC,Mar 2022,4453.0,1.00077739339993,Strong,82.70478113955025,High,17.29521886044976,+,-,-,Shareholder Returns
IOC,Mar 2023,1614.0,2.5328092959671906,Strong,94.55539063554176,High,5.444609364458238,+,-,-,Shareholder Returns
IOC,Mar 2024,39635.0,1.6472973286068442,Strong,44.25378697309385,Moderate,55.74621302690615,+,-,-,Shareholder Returns
IRCTC,TTM,,,Unknown,,Unknown,,Unknown,Unknown,Unknown,Mixed
IRCTC,Mar 2015,23.0,0.5267175572519084,Moderate,66.66666666666666,High,33.33333333333333,+,-,-,Shareholder Returns
IRCTC,Mar 2016,295.0,1.5238095238095237,Strong,2.430555555555556,Low,102.43055555555556,+,+,-,Liquidating Assets
IRCTC,Mar 2017,432.0,1.4759825327510918,Strong,27.810650887573964,Moderate,127.81065088757397,+,+,-,Liquidating Assets
IRCTC,Mar 2018,64.0,0.1085972850678733,Weak,166.66666666666669,High,266.66666666666663,+,+,-,Liquidating Assets
IRCTC,Mar 2019,146.0,1.6148867313915858,Strong,70.74148296593187,High,29.258517034068138,+,-,-,Shareholder Returns
IRCTC,Mar 2020,417.0,0.797270955165692,Moderate,1.9559902200488997,Low,101.9559902200489,+,+,-,Liquidating Assets
IRCTC,Mar 2021,-205.0,1.3262032085561497,Strong,182.66129032258064,High,-82.66129032258065,+,-,-,Reinvestor
IRCTC,Mar 2022,282.0,0.793939393939394,Moderate,46.18320610687023,Moderate,53.81679389312977,+,-,-,Shareholder Returns
IRCTC,Mar 2023,495.0,0.8071570576540755,Moderate,39.039408866995075,Moderate,60.960591133004925,+,-,-,Shareholder Returns
IRCTC,Mar 2024,667.0,0.7938793879387939,Moderate,24.37641723356009,Low,75.62358276643991,+,-,-,Shareholder Returns
IRFC,TTM,,,Unknown,,Unknown,,Unknown,Unknown,Unknown,Mixed
IRFC,Mar 2013,,,Unknown,,Unknown,,Unknown,Unknown,Unknown,Mixed
IRFC,Mar 2014,,,Unknown,,Unknown,,Unknown,Unknown,Unknown,Mixed
IRFC,Mar 2015,,,Unknown,,Unknown,,Unknown,Unknown,Unknown,Mixed
IRFC,Mar 2016,-16376.0,-19.290930506478208,Weak,0.012211503236048358,Low,99.98778849676395,-,+,+,Distress Signal
IRFC,Mar 2017,-19453.0,-20.829764453961456,Weak,0.010280133641737342,Low,99.98971986635826,-,+,+,Distress Signal
IRFC,Mar 2018,-28074.0,-13.662287104622871,Weak,0.007123521869212139,Low,99.99287647813078,-,+,+,Distress Signal
IRFC,Mar 2019,-41747.0,-18.51352549889135,Weak,0.002395324326913864,Low,99.99760467567309,-,+,+,Distress Signal
IRFC,Mar 2020,-62700.0,-19.64317042606516,Weak,0.0015948708952010335,Low,99.9984051291048,-,+,+,Distress Signal
IRFC,Mar 2021,-89907.0,-20.359375,Weak,0.0,Low,100.0,-,0,+,Distress Signal
IRFC,Mar 2022,-64417.0,-10.576683087027915,Weak,0.007762528721356269,Low,100.00776252872137,-,-,+,Distress Signal
IRFC,Mar 2023,-28588.0,-4.635641316685585,Weak,0.0,Low,100.0,-,0,+,Distress Signal
IRFC,Mar 2024,7906.0,1.2342482844666252,Strong,0.10108668182966893,Low,99.89891331817033,+,-,-,Shareholder Returns
ITC,TTM,,,Unknown,,Unknown,,Unknown,Unknown,Unknown,Mixed
ITC,Mar 2013,3221.0,0.921858774662513,Moderate,54.64657842861166,High,45.35342157138834,+,-,-,Shareholder Returns
ITC,Mar 2014,4090.0,0.8159093434062882,Moderate,44.308278867102395,Moderate,55.6917211328976,+,-,-,Shareholder Returns
ITC,Mar 2015,4568.0,1.0065446364658963,Strong,53.591384740424665,High,46.40861525957533,+,-,-,Shareholder Returns
ITC,Mar 2016,5878.0,1.0313651194611093,Strong,40.01428717216042,Moderate,59.98571282783958,+,-,-,Shareholder Returns
ITC,Mar 2017,7376.0,1.0143170754987114,Strong,30.59188858567799,Moderate,69.40811141432201,+,-,-,Shareholder Returns
ITC,Mar 2018,6055.0,1.1458278952405812,Strong,54.020806439365174,High,45.979193560634826,+,-,-,Shareholder Returns
ITC,Mar 2019,7037.0,0.9802898099096292,Moderate,44.07533974409918,Moderate,55.92466025590082,+,-,-,Shareholder Returns
ITC,Mar 2020,8516.0,0.942089399089335,Moderate,42.0285908781484,Moderate,57.9714091218516,+,-,-,Shareholder Returns
ITC,Mar 2021,18267.0,0.9360382574908466,Moderate,45.821026582581624,Moderate,145.82102658258162,+,+,-,Liquidating Assets
ITC,Mar 2022,13538.0,1.017609494936464,Strong,14.186105476673427,Low,85.81389452332657,+,-,-,Shareholder Returns
ITC,Mar 2023,13146.0,0.9692457770703907,Moderate,30.363385951901684,Moderate,69.63661404809831,+,-,-,Shareholder Returns
ITC,Mar 2024,18742.0,0.8278637174112091,Moderate,9.098317713487397,Low,109.09831771348739,+,+,-,Liquidating Assets
JINDALSTEL,TTM,,,Unknown,,Unknown,,Unknown,Unknown,Unknown,Mixed
JINDALSTEL,Mar 2013,-6069.0,1.193089430894309,Strong,272.31686541737645,High,-172.3168654173765,+,-,+,Growth Funded by Debt
JINDALSTEL,Mar 2014,-8114.0,2.4156118143459917,Strong,277.16157205240177,High,-177.16157205240174,+,-,+,Growth Funded by Debt
JINDALSTEL,Mar 2015,-5535.0,0.8140495867768595,Moderate,568.274111675127,High,-468.2741116751269,+,-,+,Growth Funded by Debt
JINDALSTEL,Mar 2016,2071.0,1.4036281179138321,Strong,52.20401569351488,High,47.79598430648511,+,-,-,Shareholder Returns
JINDALSTEL,Mar 2017,4852.0,2.6989755713159966,Strong,29.16788321167883,Moderate,70.83211678832116,+,-,-,Shareholder Returns
JINDALSTEL,Mar 2018,6293.0,4.77970297029703,Strong,18.52667011910927,Low,81.47332988089073,+,-,-,Shareholder Returns
JINDALSTEL,Mar 2019,8195.0,3.7425373134328357,Strong,9.216794062257671,Low,90.78320593774232,+,-,-,Shareholder Returns
JINDALSTEL,Mar 2020,7338.0,22.035,Strong,16.746085772634444,Low,83.25391422736556,+,-,-,Shareholder Returns
JINDALSTEL,Mar 2021,10077.0,2.8031403796578394,Strong,15.751191371958868,Low,84.24880862804113,+,-,-,Shareholder Returns
JINDALSTEL,Mar 2022,13717.0,2.371859296482412,Strong,14.525174476570287,Low,85.47482552342971,+,-,-,Shareholder Returns
JINDALSTEL,Mar 2023,3257.0,1.8487669854051334,Strong,55.6689805362733,High,44.33101946372669,+,-,-,Shareholder Returns
JINDALSTEL,Mar 2024,-2336.0,1.010937237085647,Strong,138.8814913448735,High,-38.8814913448735,+,-,+,Growth Funded by Debt
JIOFIN,TTM,,,Unknown,,Unknown,,Unknown,Unknown,Unknown,Mixed
JIOFIN,Mar 2023,945.0,66.29032258064517,Strong,54.01459854014598,High,45.98540145985402,+,-,-,Shareholder Returns
JIOFIN,Mar 2024,763.0,-0.4224299065420561,Weak,212.53687315634218,High,-112.53687315634218,-,+,-,Mixed
JSWENERGY,TTM,,,Unknown,,Unknown,,Unknown,Unknown,Unknown,Mixed
JSWENERGY,Mar 2013,781.0,1.9145394006659266,Strong,54.724637681159415,High,45.27536231884058,+,-,-,Shareholder Returns
JSWENERGY,Mar 2014,1906.0,2.985526315789474,Strong,15.998237108858529,Low,84.00176289114147,+,-,-,Shareholder Returns
JSWENERGY,Mar 2015,2972.0,2.499263622974963,Strong,12.433706540954626,Low,87.56629345904537,+,-,-,Shareholder Returns
JSWENERGY,Mar 2016,266.0,2.4232876712328766,Strong,92.4816280384398,High,7.518371961560204,+,-,-,Shareholder Returns
JSWENERGY,Mar 2017,3091.0,6.184590690208668,Strong,19.776797300804567,Low,80.22320269919543,+,-,-,Shareholder Returns
JSWENERGY,Mar 2018,3719.0,46.28235294117647,Strong,5.465175394001017,Low,94.53482460599898,+,-,-,Shareholder Returns
JSWENERGY,Mar 2019,2436.0,3.641812865497076,Strong,2.207948615014051,Low,97.79205138498594,+,-,-,Shareholder Returns
JSWENERGY,Mar 2020,2383.0,1.9259944495837187,Strong,14.457252641690681,Low,114.45725264169069,+,+,-,Liquidating Assets
JSWENERGY,Mar 2021,2670.0,4.495747266099635,Strong,27.837837837837835,Moderate,72.16216216216216,+,-,-,Shareholder Returns
JSWENERGY,Mar 2022,1565.0,1.693631669535284,Strong,46.985094850948514,Moderate,53.01490514905149,+,-,-,Shareholder Returns
JSWENERGY,Mar 2023,-4694.0,1.4081081081081082,Strong,325.23992322456814,High,-225.23992322456814,+,-,+,Growth Funded by Debt
JSWENERGY,Mar 2024,-1963.0,3.6139130434782607,Strong,131.48861084376003,High,-31.48861084376002,+,-,+,Growth Funded by Debt
JSWSTEEL,TTM,,,Unknown,,Unknown,,Unknown,Unknown,Unknown,Mixed
JSWSTEEL,Mar 2013,411.0,6.290635091496233,Strong,92.96714579055441,High,7.032854209445586,+,-,-,Shareholder Returns
JSWSTEEL,Mar 2014,-3024.0,6.45273631840796,Strong,216.57671549730145,High,-116.57671549730146,+,-,+,Growth Funded by Debt
JSWSTEEL,Mar 2015,504.0,4.5737514518002325,Strong,93.600812595226,High,6.399187404773997,+,-,-,Shareholder Returns
JSWSTEEL,Mar 2016,3040.0,14.338877338877339,Strong,55.9228650137741,High,44.0771349862259,+,-,-,Shareholder Returns
JSWSTEEL,Mar 2017,2794.0,2.275165849437554,Strong,64.579107505071,High,35.42089249492901,+,-,-,Shareholder Returns
JSWSTEEL,Mar 2018,7850.0,2.0250286275151317,Strong,36.5861539704338,Moderate,63.4138460295662,+,-,-,Shareholder Returns
JSWSTEEL,Mar 2019,3246.0,1.944843168527379,Strong,77.81726235221758,High,22.18273764778241,+,-,+,Growth Funded by Debt
JSWSTEEL,Mar 2020,-6804.0,3.262311814238326,Strong,153.21861556511539,High,-53.21861556511537,+,-,+,Growth Funded by Debt
JSWSTEEL,Mar 2021,11087.0,2.3865108599009273,Strong,40.992069828090905,Moderate,59.007930171909095,+,-,-,Shareholder Returns
JSWSTEEL,Mar 2022,11522.0,1.2546566052153978,Strong,56.14008374571755,High,43.85991625428245,+,-,-,Shareholder Returns
JSWSTEEL,Mar 2023,12593.0,5.634935974873158,Strong,46.00608841058183,Moderate,53.993911589418175,+,-,-,Shareholder Returns
JSWSTEEL,Mar 2024,-2389.0,1.3460381143430291,Strong,119.77976486173208,High,-19.779764861732076,+,-,-,Reinvestor
KOTAKBANK,TTM,,,Unknown,,Unknown,,Unknown,Unknown,Unknown,Mixed
KOTAKBANK,Mar 2013,-6157.0,1.285969615728329,Strong,313.9332870048645,High,-213.93328700486447,+,-,+,Growth Funded by Debt
KOTAKBANK,Mar 2014,7938.0,3.588444796201029,Strong,12.461402734891927,Low,87.53859726510808,+,-,-,Shareholder Returns
KOTAKBANK,Mar 2015,-2165.0,0.7413848631239935,Moderate,194.04865334491745,High,-94.04865334491747,+,-,+,Growth Funded by Debt
KOTAKBANK,Mar 2016,2672.0,1.4259364358683315,Strong,46.82587064676617,Moderate,53.17412935323384,+,-,+,Growth Funded by Debt
KOTAKBANK,Mar 2017,7933.0,2.634389320581789,Strong,40.001512630464376,Moderate,59.998487369535624,+,-,+,Growth Funded by Debt
KOTAKBANK,Mar 2018,-15867.0,-1.660594439117929,Weak,52.684757505773675,High,152.6847575057737,-,-,+,Distress Signal
KOTAKBANK,Mar 2019,-1501.0,0.2529150471960022,Weak,182.3819978046103,High,-82.38199780461032,+,-,+,Growth Funded by Debt
KOTAKBANK,Mar 2020,33551.0,5.425229838240428,Strong,28.031489306934944,Moderate,71.96851069306506,+,-,-,Shareholder Returns
KOTAKBANK,Mar 2021,-6291.0,0.4885885885885886,Weak,228.88752304855564,High,-128.8875230485556,+,-,-,Reinvestor
KOTAKBANK,Mar 2022,-2595.0,0.6872363305484325,Moderate,131.23495426095332,High,-31.234954260953295,+,-,+,Growth Funded by Debt
KOTAKBANK,Mar 2023,-11623.0,-0.08321608040201005,Weak,835.8293075684379,High,935.8293075684379,-,-,+,Distress Signal
KOTAKBANK,Mar 2024,6766.0,0.8611980453522209,Moderate,56.863245138667516,High,43.136754861332484,+,-,+,Growth Funded by Debt
LICI,TTM,,,Unknown,,Unknown,,Unknown,Unknown,Unknown,Mixed
LICI,Mar 2019,22910.0,5.052912066996574,Strong,72.59303902365527,High,172.59303902365525,+,+,-,Liquidating Assets
LICI,Mar 2020,13952.0,20.06162361623616,Strong,74.33737377453234,High,25.662626225467655,+,-,-,Shareholder Returns
LICI,Mar 2021,229049.0,27.10221923335575,Strong,184.17284930895016,High,284.17284930895016,+,+,-,Liquidating Assets
LICI,Mar 2022,8748.0,-0.9170909090909091,Weak,331.2450436161776,High,-231.2450436161776,-,+,0,Mixed
LICI,Mar 2023,1671.0,1.5145428785732145,Strong,96.93501348153855,High,3.0649865184614535,+,-,-,Shareholder Returns
LICI,Mar 2024,853.0,0.6384299540522045,Moderate,96.734553250134,High,3.2654467498660136,+,-,-,Shareholder Returns
LODHA,TTM,,,Unknown,,Unknown,,Unknown,Unknown,Unknown,Mixed
LODHA,Mar 2011,,,Unknown,,Unknown,,Unknown,Unknown,Unknown,Mixed
LODHA,Mar 2012,,,Unknown,,Unknown,,Unknown,Unknown,Unknown,Mixed
LODHA,Mar 2015,,,Unknown,,Unknown,,Unknown,Unknown,Unknown,Mixed
LODHA,Mar 2016,-467.0,0.55049786628734,Moderate,220.67183462532302,High,-120.671834625323,+,-,+,Growth Funded by Debt
LODHA,Mar 2017,295.0,2.5154109589041096,Strong,79.91831177671885,High,20.081688223281144,+,-,-,Shareholder Returns
LODHA,Mar 2018,45.0,0.8765743073047859,Moderate,93.53448275862068,High,6.4655172413793105,+,-,+,Growth Funded by Debt
LODHA,Mar 2019,-638.0,-0.2816301703163017,Weak,37.79697624190065,Moderate,137.79697624190064,-,-,+,Distress Signal
LODHA,Mar 2020,3954.0,5.083557951482479,Strong,4.825026511134676,Low,104.82502651113468,+,+,-,Liquidating Assets
LODHA,Mar 2021,2944.0,52.583333333333336,Strong,16.64025356576862,Low,116.64025356576862,+,+,-,Liquidating Assets
LODHA,Mar 2022,3137.0,1.653973509933775,Strong,57.007007007007005,High,157.00700700700702,+,+,-,Liquidating Assets
LODHA,Mar 2023,4539.0,5.612244897959184,Strong,65.05454545454545,High,165.05454545454546,+,+,-,Liquidating Assets
LODHA,Mar 2024,-435.0,1.6164736164736164,Strong,117.31687898089172,High,-17.31687898089172,+,-,+,Growth Funded by Debt
LT,TTM,,,Unknown,,Unknown,,Unknown,Unknown,Unknown,Mixed
LT,Mar 2013,-11277.0,-0.8230958230958231,Weak,158.94374282433984,High,258.94374282433984,-,-,+,Distress Signal
LT,Mar 2014,-12653.0,-1.462231320368475,Weak,77.13845723085538,High,177.13845723085538,-,-,+,Distress Signal
LT,Mar 2015,-6143.0,-0.27486910994764396,Weak,350.03663003663,High,450.03663003663,-,-,+,Distress Signal
LT,Mar 2016,-7867.0,-0.705574912891986,Weak,142.80864197530866,High,242.80864197530866,-,-,+,Distress Signal
LT,Mar 2017,-3141.0,1.0260561208757324,Strong,147.19759579263712,High,-47.19759579263712,+,-,+,Growth Funded by Debt
LT,Mar 2018,-6117.0,-1.253248375812094,Weak,39.019040972983746,Moderate,60.98095902701625,-,+,+,Distress Signal
LT,Mar 2019,-15779.0,-0.46549867867280026,Weak,231.7703952901598,High,331.7703952901598,-,-,+,Distress Signal
LT,Mar 2020,-1714.0,0.6144666789058197,Moderate,125.60501942037645,High,-25.605019420376458,+,-,+,Growth Funded by Debt
LT,Mar 2021,17324.0,1.7857750948069036,Strong,24.919823177602495,Low,75.0801768223975,+,-,-,Shareholder Returns
LT,Mar 2022,15579.0,1.8393319896343219,Strong,18.706950532247966,Low,81.29304946775203,+,-,-,Shareholder Returns
LT,Mar 2023,14729.0,1.8176522224882292,Strong,35.33388944988366,Moderate,64.66611055011634,+,-,-,Shareholder Returns
LT,Mar 2024,20445.0,1.1748890461182222,Strong,11.92926749151429,Low,111.92926749151428,+,+,-,Liquidating Assets
LTIM,TTM,,,Unknown,,Unknown,,Unknown,Unknown,Unknown,Mixed
LTIM,Mar 2013,384.0,1.0818505338078293,Strong,36.84210526315789,Moderate,63.1578947368421,+,-,-,Shareholder Returns
LTIM,Mar 2014,808.0,0.6305220883534136,Moderate,28.662420382165603,Moderate,128.6624203821656,+,+,-,Liquidating Assets
LTIM,Mar 2015,539.0,0.834850455136541,Moderate,16.043613707165107,Low,83.95638629283489,+,-,-,Shareholder Returns
LTIM,Mar 2016,818.0,1.0263157894736843,Strong,4.662004662004662,Low,95.33799533799534,+,-,-,Shareholder Returns
LTIM,Mar 2017,209.0,1.2049433573635426,Strong,82.13675213675214,High,17.863247863247864,+,-,-,Shareholder Returns
LTIM,Mar 2018,392.0,0.7589928057553957,Moderate,53.55450236966824,High,46.44549763033176,+,-,-,Shareholder Returns
LTIM,Mar 2019,646.0,0.9201846965699209,Moderate,53.691756272401435,High,46.308243727598565,+,-,-,Shareholder Returns
LTIM,Mar 2020,1001.0,1.081578947368421,Strong,39.11192214111922,Moderate,60.88807785888078,+,-,-,Shareholder Returns
LTIM,Mar 2021,743.0,1.238390092879257,Strong,69.04166666666667,High,30.958333333333332,+,-,-,Shareholder Returns
LTIM,Mar 2022,1608.0,0.8230379746835443,Moderate,50.53829590895109,High,49.46170409104891,+,-,-,Shareholder Returns
LTIM,Mar 2023,2824.0,0.7018140589569161,Moderate,8.75605815831987,Low,91.24394184168013,+,-,-,Shareholder Returns
LTIM,Mar 2024,1752.0,1.2366412213740459,Strong,69.1005291005291,High,30.8994708994709,+,-,-,Shareholder Returns
M&M,TTM,,,Unknown,,Unknown,,Unknown,Unknown,Unknown,Mixed
M&M,Mar 2013,-3825.0,-0.223298619520465,Weak,314.8590021691974,High,414.8590021691974,-,-,+,Distress Signal
M&M,Mar 2014,-4768.0,-0.0473418703919286,Weak,1854.0983606557375,High,1954.0983606557375,-,-,+,Distress Signal
M&M,Mar 2015,-3302.0,0.3120378586217096,Weak,412.98578199052133,High,-312.98578199052133,+,-,+,Growth Funded by Debt
M&M,Mar 2016,-3121.0,0.6710748452447945,Moderate,230.85953878406707,High,-130.8595387840671,+,-,+,Growth Funded by Debt
M&M,Mar 2017,-5692.0,0.04517403110343125,Weak,3210.382513661202,High,-3110.382513661202,+,-,+,Growth Funded by Debt
M&M,Mar 2018,-4785.0,0.0856999246041719,Weak,801.6129032258063,High,-701.6129032258065,+,-,+,Growth Funded by Debt
M&M,Mar 2019,-11521.0,-0.7224530496925378,Weak,165.03335633770416,High,265.03335633770416,-,-,+,Distress Signal
M&M,Mar 2020,-8327.0,-4.538940809968848,Weak,471.51681537405625,High,571.5168153740563,-,-,+,Distress Signal
M&M,Mar 2021,-1777.0,11.84457671957672,Strong,109.92238539281925,High,-9.922385392819253,+,-,+,Growth Funded by Debt
M&M,Mar 2022,5996.0,1.2750585964428511,Strong,35.16435986159169,Moderate,64.83564013840831,+,-,-,Shareholder Returns
M&M,Mar 2023,-15940.0,-0.6219447863548444,Weak,125.33220243143907,High,225.33220243143907,-,-,+,Distress Signal
M&M,Mar 2024,-11245.0,-0.4588427057864711,Weak,99.7335701598579,High,199.73357015985792,-,-,+,Distress Signal
MARUTI,TTM,,,Unknown,,Unknown,,Unknown,Unknown,Unknown,Mixed
MARUTI,Mar 2013,940.0,1.6433198380566802,Strong,76.84158659768417,High,23.15841340231584,+,-,-,Shareholder Returns
MARUTI,Mar 2014,-2.0,1.750175192711983,Strong,100.04004004004004,High,-0.04004004004004004,+,-,-,Reinvestor
MARUTI,Mar 2015,1958.0,1.693095300603833,Strong,69.63870367498836,High,30.361296325011626,+,-,-,Shareholder Returns
MARUTI,Mar 2016,1252.0,1.543023467345825,Strong,85.23933034661636,High,14.760669653383635,+,-,-,Shareholder Returns
MARUTI,Mar 2017,1109.0,1.3689255758221275,Strong,89.21416066913052,High,10.78583933086948,+,-,-,Shareholder Returns
MARUTI,Mar 2018,3486.0,1.4957492703971578,Strong,70.42755344418052,High,29.572446555819475,+,-,-,Shareholder Returns
MARUTI,Mar 2019,3061.0,0.8627630375114365,Moderate,53.628238145735494,High,46.371761854264506,+,-,-,Shareholder Returns
MARUTI,Mar 2020,2939.0,0.6157097569566748,Moderate,15.9324942791762,Low,84.0675057208238,+,-,-,Shareholder Returns
MARUTI,Mar 2021,1565.0,2.017771701982228,Strong,82.32836495031617,High,17.671635049683832,+,-,-,Shareholder Returns
MARUTI,Mar 2022,1601.0,0.4742268041237113,Weak,12.98913043478261,Low,87.01086956521739,+,-,-,Shareholder Returns
MARUTI,Mar 2023,1995.0,1.3086882865440466,Strong,81.55339805825243,High,18.446601941747574,+,-,-,Shareholder Returns
MARUTI,Mar 2024,4936.0,1.2456257413997627,Strong,70.62079638116778,High,29.37920361883221,+,-,-,Shareholder Returns
MOTHERSON,TTM,,,Unknown,,Unknown,,Unknown,Unknown,Unknown,Mixed
MOTHERSON,Mar 2013,397.0,3.2876106194690267,Strong,73.28398384925976,High,26.71601615074024,+,-,-,Shareholder Returns
MOTHERSON,Mar 2014,1323.0,2.456700091157703,Strong,50.90909090909091,High,49.09090909090909,+,-,-,Shareholder Returns
MOTHERSON,Mar 2015,546.0,2.623839009287926,Strong,83.89380530973452,High,16.10619469026549,+,-,+,Growth Funded by Debt
MOTHERSON,Mar 2016,282.0,1.23337091319053,Strong,87.11151736745887,High,12.888482632541134,+,-,-,Shareholder Returns
MOTHERSON,Mar 2017,-2345.0,1.7495395948434622,Strong,161.71052631578948,High,-61.71052631578947,+,-,+,Growth Funded by Debt
MOTHERSON,Mar 2018,70.0,1.4442477876106194,Strong,97.85539215686273,High,2.144607843137255,+,-,-,Shareholder Returns
MOTHERSON,Mar 2019,994.0,2.0552907530981885,Strong,76.94805194805194,High,23.051948051948052,+,-,-,Shareholder Returns
MOTHERSON,Mar 2020,4132.0,4.908809891808346,Strong,34.949622166246854,Moderate,65.05037783375315,+,-,-,Shareholder Returns
MOTHERSON,Mar 2021,3165.0,3.2192479286169533,Strong,37.33914076420511,Moderate,62.660859235794895,+,-,-,Shareholder Returns
MOTHERSON,Mar 2022,159.0,2.083756345177665,Strong,93.54445797807551,High,6.455542021924482,+,-,-,Shareholder Returns
MOTHERSON,Mar 2023,2395.0,2.7802395209580837,Strong,48.416971785483526,Moderate,51.58302821451648,+,-,-,Shareholder Returns
MOTHERSON,Mar 2024,925.0,2.5062913907284767,Strong,87.779098956269,High,12.220901043731008,+,-,+,Growth Funded by Debt
NAUKRI,TTM,,,Unknown,,Unknown,,Unknown,Unknown,Unknown,Mixed
NAUKRI,Mar 2013,29.0,0.9868421052631579,Moderate,61.33333333333333,High,38.666666666666664,+,-,-,Shareholder Returns
NAUKRI,Mar 2014,-123.0,1.35,Strong,251.85185185185185,High,-151.85185185185185,+,-,+,Growth Funded by Debt
NAUKRI,Mar 2015,-1000.0,3.642857142857143,Strong,2060.7843137254904,High,-1960.7843137254904,+,-,+,Growth Funded by Debt
NAUKRI,Mar 2016,76.0,0.6610169491525424,Moderate,2.564102564102564,Low,97.43589743589743,+,-,-,Shareholder Returns
NAUKRI,Mar 2017,48.0,4.953488372093023,Strong,77.46478873239437,High,22.535211267605636,+,-,-,Shareholder Returns
NAUKRI,Mar 2018,104.0,0.5049900199600799,Moderate,58.89328063241107,High,41.10671936758894,+,-,-,Shareholder Returns
NAUKRI,Mar 2019,217.0,0.46621621621621623,Weak,21.3768115942029,Low,78.62318840579711,+,-,-,Shareholder Returns
NAUKRI,Mar 2020,447.0,1.4227642276422765,Strong,27.714285714285715,Moderate,127.71428571428571,+,+,-,Liquidating Assets
NAUKRI,Mar 2021,-1767.0,0.19464033850493653,Weak,740.2173913043479,High,-640.2173913043479,+,-,+,Growth Funded by Debt
NAUKRI,Mar 2022,-470.0,0.05488278217668064,Weak,166.4780763790665,High,-66.47807637906648,+,-,+,Growth Funded by Debt
NAUKRI,Mar 2023,154.0,7.314285714285714,Strong,69.921875,High,30.078125,+,-,+,Growth Funded by Debt
NAUKRI,Mar 2024,-150.0,1.1798319327731093,Strong,121.36752136752136,High,-21.367521367521366,+,-,+,Growth Funded by Debt
NESTLEIND,TTM,,,Unknown,,Unknown,,Unknown,Unknown,Unknown,Mixed
NESTLEIND,Dec 2013,1355.0,1.6078782452999105,Strong,24.55456570155902,Low,75.44543429844099,+,-,-,Shareholder Returns
NESTLEIND,Dec 2014,1212.0,1.3873417721518988,Strong,26.277372262773724,Moderate,73.72262773722628,+,-,-,Shareholder Returns
NESTLEIND,Dec 2015,1028.0,1.9502664298401422,Strong,6.375227686703097,Low,93.6247723132969,+,-,-,Shareholder Returns
NESTLEIND,Dec 2016,1340.0,1.4645354645354645,Strong,8.594815825375171,Low,91.40518417462484,+,-,-,Shareholder Returns
NESTLEIND,Dec 2017,1687.0,1.4840816326530613,Strong,7.205720572057206,Low,92.7942794279428,+,-,-,Shareholder Returns
NESTLEIND,Dec 2018,2000.0,1.2769135034225265,Strong,2.53411306042885,Low,97.46588693957115,+,-,-,Shareholder Returns
NESTLEIND,Dec 2019,2378.0,1.166158536585366,Strong,3.6165577342047928,Low,103.61655773420479,+,+,-,Liquidating Assets
NESTLEIND,Dec 2020,2133.0,1.1786743515850144,Strong,13.080684596577017,Low,86.91931540342298,+,-,-,Shareholder Returns
NESTLEIND,Dec 2021,316.0,1.0557129367327667,Strong,85.86762075134168,High,14.132379248658319,+,-,-,Shareholder Returns
NESTLEIND,Dec 2022,2345.0,1.1447093266415727,Strong,14.322250639386189,Low,85.6777493606138,+,-,-,Shareholder Returns
NESTLEIND,Dec 2023,2465.0,1.1310436812270757,Strong,27.329009433962266,Moderate,72.67099056603774,+,-,-,Shareholder Returns
NESTLEIND,Mar 2024,2938.0,1.0615306381896772,Strong,29.628742514970057,Moderate,70.37125748502994,+,-,-,Shareholder Returns
NHPC,TTM,,,Unknown,,Unknown,,Unknown,Unknown,Unknown,Mixed
NHPC,Mar 2013,1516.0,0.9906021580229725,Moderate,46.732255797610684,Moderate,53.26774420238932,+,-,-,Shareholder Returns
NHPC,Mar 2014,2702.0,2.3417023882424983,Strong,29.341004184100417,Moderate,70.65899581589959,+,-,-,Shareholder Returns
NHPC,Mar 2015,3293.0,1.4513938527519656,Strong,18.91159812853977,Low,81.08840187146023,+,-,-,Shareholder Returns
NHPC,Mar 2016,5225.0,2.5247357293868924,Strong,12.493719644950595,Low,87.5062803550494,+,-,-,Shareholder Returns
NHPC,Mar 2017,6465.0,2.393390804597701,Strong,22.379637411453956,Low,77.62036258854604,+,-,-,Shareholder Returns
NHPC,Mar 2018,3810.0,1.6861759425493716,Strong,18.867120954003408,Low,81.1328790459966,+,-,-,Shareholder Returns
NHPC,Mar 2019,2642.0,1.3483779971791254,Strong,30.910041841004183,Moderate,69.08995815899581,+,-,-,Shareholder Returns
NHPC,Mar 2020,6.0,0.8947683109118086,Moderate,99.79953224189777,High,0.20046775810223855,+,-,+,Growth Funded by Debt
NHPC,Mar 2021,3463.0,1.4083333333333334,Strong,31.696252465483234,Moderate,68.30374753451677,+,-,-,Shareholder Returns
NHPC,Mar 2022,1506.0,1.2162162162162162,Strong,67.18954248366013,High,32.810457516339866,+,-,-,Shareholder Returns
NHPC,Mar 2023,514.0,1.1042008918094344,Strong,89.07545164718384,High,10.924548352816153,+,-,-,Shareholder Returns
NHPC,Mar 2024,970.0,1.7224428997020853,Strong,86.01902565580859,High,13.98097434419141,+,-,-,Shareholder Returns
NTPC,TTM,,,Unknown,,Unknown,,Unknown,Unknown,Unknown,Mixed
NTPC,Mar 2013,-337.0,1.3116160813602415,Strong,102.04143445602132,High,-2.041434456021323,+,-,+,Growth Funded by Debt
NTPC,Mar 2014,1022.0,1.4497062176620188,Strong,93.81767588167685,High,6.182324118323151,+,-,-,Shareholder Returns
NTPC,Mar 2015,-1088.0,1.4900920736589272,Strong,107.30740815367051,High,-7.307408153670495,+,-,-,Reinvestor
NTPC,Mar 2016,4963.0,2.237733048882293,Strong,79.4279792746114,High,20.5720207253886,+,-,-,Shareholder Returns
NTPC,Mar 2017,-4313.0,1.8823035280940825,Strong,121.38642336490307,High,-21.38642336490306,+,-,+,Growth Funded by Debt
NTPC,Mar 2018,-1008.0,1.8729765758903065,Strong,105.12455516014234,High,-5.124555160142349,+,-,+,Growth Funded by Debt
NTPC,Mar 2019,-5377.0,1.331480689753456,Strong,128.7755538906133,High,-28.775553890613292,+,-,+,Growth Funded by Debt
NTPC,Mar 2020,-5738.0,2.007225676356915,Strong,124.01841774801173,High,-24.018417748011718,+,-,+,Growth Funded by Debt
NTPC,Mar 2021,11410.0,2.1674126528158193,Strong,64.83171002342499,High,35.168289976575025,+,-,-,Shareholder Returns
NTPC,Mar 2022,18897.0,2.463915094339623,Strong,54.778883890112,High,45.221116109888,+,-,-,Shareholder Returns
NTPC,Mar 2023,21007.0,2.7540447403773145,Strong,55.44833729216152,High,44.55166270783848,+,-,-,Shareholder Returns
NTPC,Mar 2024,8644.0,1.9119163697731107,Strong,78.80593355400269,High,21.194066445997304,+,-,-,Shareholder Returns
ONGC,TTM,,,Unknown,,Unknown,,Unknown,Unknown,Unknown,Mixed
ONGC,Mar 2013,-1346.0,1.6618321246978411,Strong,103.37563324472087,High,-3.375633244720871,+,-,-,Reinvestor
ONGC,Mar 2014,-10363.0,1.9977498593662104,Strong,119.45372629998123,High,-19.453726299981227,+,-,+,Growth Funded by Debt
ONGC,Mar 2015,3892.0,1.9177540529853696,Strong,88.5360824742268,High,11.463917525773196,+,-,-,Shareholder Returns
ONGC,Mar 2016,8036.0,3.533201038009464,Strong,82.64062905037588,High,17.359370949624125,+,-,-,Shareholder Returns
ONGC,Mar 2017,1965.0,1.5694744420446365,Strong,95.70773263433814,High,4.292267365661861,+,-,-,Shareholder Returns
ONGC,Mar 2018,-10006.0,2.178609789780574,Strong,117.61867868713904,High,-17.618678687139035,+,-,+,Growth Funded by Debt
ONGC,Mar 2019,24326.0,1.8108904472862277,Strong,60.41849718506948,High,39.581502814930516,+,-,-,Shareholder Returns
ONGC,Mar 2020,17434.0,6.162098463687151,Strong,75.30350034705991,High,24.696499652940094,+,-,-,Shareholder Returns
ONGC,Mar 2021,8044.0,2.2090355805243447,Strong,82.95220938857688,High,17.04779061142312,+,-,-,Shareholder Returns
ONGC,Mar 2022,37051.0,1.5873737168823792,Strong,52.64926899090072,High,47.35073100909927,+,-,-,Shareholder Returns
ONGC,Mar 2023,11372.0,2.625602538287876,Strong,86.78627036322652,High,13.213729636773488,+,-,-,Shareholder Returns
ONGC,Mar 2024,42060.0,1.7383758603176827,Strong,57.62771626890181,High,42.37228373109819,+,-,-,Shareholder Returns
PFC,TTM,,,Unknown,,Unknown,,Unknown,Unknown,Unknown,Mixed
PFC,Mar 2013,-25080.0,-5.65615141955836,Weak,0.0876424189307625,Low,99.91235758106923,-,+,+,Distress Signal
PFC,Mar 2014,-22464.0,-4.1144269498352255,Weak,0.040048057669203045,Low,99.95995194233079,-,+,+,Distress Signal
PFC,Mar 2015,-21946.0,-3.5734510326449036,Weak,2.288510836634817,Low,102.28851083663481,-,-,+,Distress Signal
PFC,Mar 2016,-15271.0,-2.1503880983182406,Weak,14.83681756655136,Low,114.83681756655135,-,-,+,Distress Signal
PFC,Mar 2017,1128.0,0.802772808586762,Moderate,37.15877437325905,Moderate,62.84122562674095,+,-,+,Growth Funded by Debt
PFC,Mar 2018,-55739.0,-6.496305558713198,Weak,2.4655281024707776,Low,97.53447189752922,-,+,+,Distress Signal
PFC,Mar 2019,-93715.0,-6.349050632911393,Weak,16.77590589642626,Low,116.77590589642625,-,-,+,Distress Signal
PFC,Mar 2020,-42221.0,-4.447398965917484,Weak,0.17319920280914872,Low,100.17319920280914,-,-,+,Distress Signal
PFC,Mar 2021,-57402.0,-3.763234919826928,Weak,2.943712696346144,Low,97.05628730365386,-,+,+,Distress Signal
PFC,Mar 2022,4357.0,0.2612958226768968,Weak,11.15415986949429,Low,88.8458401305057,+,-,-,Shareholder Returns
PFC,Mar 2023,-76411.0,-3.527881391944851,Weak,2.2672216496915025,Low,102.2672216496915,-,-,+,Distress Signal
PFC,Mar 2024,-101229.0,-3.6967612713049394,Weak,3.48497239828256,Low,103.48497239828257,-,-,+,Distress Signal
PIDILITIND,TTM,,,Unknown,,Unknown,,Unknown,Unknown,Unknown,Mixed
PIDILITIND,Mar 2013,328.0,1.1132075471698113,Strong,30.508474576271187,Moderate,69.49152542372882,+,-,-,Shareholder Returns
PIDILITIND,Mar 2014,295.0,0.8755555555555555,Moderate,25.12690355329949,Moderate,74.8730964467005,+,-,-,Shareholder Returns
PIDILITIND,Mar 2015,116.0,1.0739299610894941,Strong,78.98550724637681,High,21.014492753623188,+,-,-,Shareholder Returns
PIDILITIND,Mar 2016,416.0,1.123915737298637,Strong,54.13450937155457,High,45.86549062844543,+,-,-,Shareholder Returns
PIDILITIND,Mar 2017,-85.0,0.9200463499420626,Moderate,110.70528967254407,High,-10.70528967254408,+,-,+,Growth Funded by Debt
PIDILITIND,Mar 2018,835.0,0.8240165631469979,Moderate,4.899497487437186,Low,104.89949748743719,+,+,-,Liquidating Assets
PIDILITIND,Mar 2019,332.0,0.9105603448275862,Moderate,60.71005917159763,High,39.289940828402365,+,-,-,Shareholder Returns
PIDILITIND,Mar 2020,1383.0,1.1408199643493762,Strong,8.046875,Low,108.04687500000001,+,+,-,Liquidating Assets
PIDILITIND,Mar 2021,-296.0,1.236234458259325,Strong,121.26436781609196,High,-21.26436781609195,+,-,-,Reinvestor
PIDILITIND,Mar 2022,397.0,0.7912178956089478,Moderate,58.42931937172775,High,41.57068062827225,+,-,-,Shareholder Returns
PIDILITIND,Mar 2023,659.0,1.208688906128782,Strong,57.70218228498074,High,42.29781771501926,+,-,-,Shareholder Returns
PIDILITIND,Mar 2024,955.0,1.559244419004007,Strong,64.94126284875183,High,35.05873715124817,+,-,-,Shareholder Returns
PNB,TTM,,,Unknown,,Unknown,,Unknown,Unknown,Unknown,Mixed
PNB,Mar 2013,-1292.0,-0.13784860557768924,Weak,86.70520231213872,High,186.7052023121387,-,-,-,Mixed
PNB,Mar 2014,16604.0,4.601524224278715,Strong,1.7863480421152254,Low,98.21365195788478,+,-,+,Growth Funded by Debt
PNB,Mar 2015,3942.0,1.3656737588652483,Strong,18.113834648940593,Low,81.88616535105942,+,-,+,Growth Funded by Debt
PNB,Mar 2016,12815.0,4.036182336182336,Strong,9.543304863414978,Low,90.45669513658503,+,-,+,Growth Funded by Debt
PNB,Mar 2017,22097.0,17.706214689265536,Strong,0.7247698058163917,Low,100.7247698058164,+,+,-,Liquidating Assets
PNB,Mar 2018,-1350.0,-0.14383618198332096,Weak,22.502870264064295,Low,77.49712973593572,-,+,+,Distress Signal
PNB,Mar 2019,-34161.0,-3.5112041884816754,Weak,1.875820112131695,Low,101.87582011213169,-,-,+,Distress Signal
PNB,Mar 2020,-13131.0,-26.377319587628865,Weak,2.6420698819667003,Low,102.64206988196669,-,-,+,Distress Signal
PNB,Mar 2021,30163.0,11.484230055658626,Strong,2.54281098546042,Low,97.45718901453958,+,-,+,Growth Funded by Debt
PNB,Mar 2022,18828.0,5.12589559877175,Strong,6.010383386581469,Low,93.98961661341852,+,-,+,Growth Funded by Debt
PNB,Mar 2023,21860.0,6.725811253349211,Strong,3.2400849858356944,Low,96.7599150141643,+,-,+,Growth Funded by Debt
PNB,Mar 2024,-29445.0,-3.0511084416293546,Weak,5.390314613980458,Low,105.39031461398045,-,-,+,Distress Signal
POWERGRID,TTM,,,Unknown,,Unknown,,Unknown,Unknown,Unknown,Mixed
POWERGRID,Mar 2013,-10394.0,2.7104103872014838,Strong,188.9136013686912,High,-88.91360136869119,+,-,+,Growth Funded by Debt
POWERGRID,Mar 2014,-11416.0,3.3471855760773965,Strong,174.9917887407213,High,-74.99178874072128,+,-,+,Growth Funded by Debt
POWERGRID,Mar 2015,-8385.0,3.1311930241775663,Strong,153.06962025316454,High,-53.069620253164565,+,-,+,Growth Funded by Debt
POWERGRID,Mar 2016,-6568.0,2.518543379761705,Strong,143.7633262260128,High,-43.76332622601279,+,-,+,Growth Funded by Debt
POWERGRID,Mar 2017,-2261.0,2.895584485303986,Strong,110.47972190034763,High,-10.479721900347624,+,-,+,Growth Funded by Debt
POWERGRID,Mar 2018,-2991.0,2.7681618722574353,Strong,113.17040951122854,High,-13.170409511228534,+,-,+,Growth Funded by Debt
POWERGRID,Mar 2019,4544.0,2.3192146701215868,Strong,80.47355077134631,High,19.52644922865369,+,-,-,Shareholder Returns
POWERGRID,Mar 2020,20006.0,2.7795460710733337,Strong,34.916555515794265,Moderate,65.08344448420573,+,-,-,Shareholder Returns
POWERGRID,Mar 2021,20159.0,2.442921236291127,Strong,31.438968812706186,Moderate,68.5610311872938,+,-,-,Shareholder Returns
POWERGRID,Mar 2022,26877.0,1.5527817403708988,Strong,2.8824069820854383,Low,102.88240698208544,+,+,-,Liquidating Assets
POWERGRID,Mar 2023,33065.0,2.6071984435797666,Strong,17.754893913389548,Low,82.24510608661045,+,-,-,Shareholder Returns
POWERGRID,Mar 2024,24176.0,2.394528992486997,Strong,35.16760525610083,Moderate,64.83239474389917,+,-,-,Shareholder Returns
RECLTD,TTM,,,Unknown,,Unknown,,Unknown,Unknown,Unknown,Mixed
RECLTD,Mar 2013,-19907.0,-5.233237672841117,Weak,0.7577645944463832,Low,99.24223540555361,-,+,+,Distress Signal
RECLTD,Mar 2014,-17108.0,-3.6372073402235814,Weak,0.7886801206216656,Low,99.21131987937834,-,+,+,Distress Signal
RECLTD,Mar 2015,-23747.0,-4.4719311377245505,Weak,0.6318520378274333,Low,99.36814796217257,-,+,+,Distress Signal
RECLTD,Mar 2016,-14034.0,-2.3331576172904587,Weak,5.693628558517849,Low,105.69362855851784,-,-,+,Distress Signal
RECLTD,Mar 2017,6704.0,1.0779344210359576,Strong,1.4842027920646583,Low,98.51579720793534,+,-,-,Shareholder Returns
RECLTD,Mar 2018,-32464.0,-7.303976634464165,Weak,0.14149492463857274,Low,99.85850507536142,-,+,+,Distress Signal
RECLTD,Mar 2019,-35409.0,-6.247343668350462,Weak,1.2741872525511626,Low,98.72581274744884,-,+,+,Distress Signal
RECLTD,Mar 2020,-32591.0,-6.579243765084473,Weak,0.3698948398141355,Low,99.63010516018586,-,+,+,Distress Signal
RECLTD,Mar 2021,-42651.0,-5.1936022917164,Weak,1.9787644787644787,Low,98.02123552123551,-,+,+,Distress Signal
RECLTD,Mar 2022,-1106.0,-0.08160621761658031,Weak,35.04273504273504,Moderate,135.04273504273505,-,-,+,Distress Signal
RECLTD,Mar 2023,-38303.0,-3.3455717739768964,Weak,2.524089935760171,Low,102.52408993576016,-,-,+,Distress Signal
RECLTD,Mar 2024,-59554.0,-4.0808059384941675,Weak,3.172045804965092,Low,103.17204580496508,-,-,+,Distress Signal
RELIANCE,TTM,,,Unknown,,Unknown,,Unknown,Unknown,Unknown,Mixed
RELIANCE,Mar 2013,9317.0,1.7675955185291583,Strong,74.76298824421691,High,25.237011755783083,+,-,+,Growth Funded by Debt
RELIANCE,Mar 2014,-29809.0,1.9186180592513749,Strong,168.90501837682902,High,-68.90501837682902,+,-,+,Growth Funded by Debt
RELIANCE,Mar 2015,-30332.0,1.4540609137055838,Strong,188.24111246872636,High,-88.24111246872637,+,-,+,Growth Funded by Debt
RELIANCE,Mar 2016,1948.0,1.2770503332105423,Strong,94.8916976975927,High,5.1083023024073,+,-,-,Shareholder Returns
RELIANCE,Mar 2017,-16651.0,1.6609124124291892,Strong,133.60443995963672,High,-33.60443995963673,+,-,+,Growth Funded by Debt
RELIANCE,Mar 2018,3267.0,1.980570953436807,Strong,95.42814760911853,High,4.571852390881484,+,-,-,Shareholder Returns
RELIANCE,Mar 2019,-52161.0,1.0629816502246656,Strong,223.1781041892977,High,-123.17810418929768,+,-,+,Growth Funded by Debt
RELIANCE,Mar 2020,22380.0,2.379062186559679,Strong,76.41156444659927,High,23.588435553400718,+,-,-,Shareholder Returns
RELIANCE,Mar 2021,-115427.0,0.5016468486573996,Moderate,528.1734550040804,High,-428.17345500408044,+,-,+,Growth Funded by Debt
RELIANCE,Mar 2022,1492.0,1.6309823863217627,Strong,98.65165290003073,High,1.3483470999692735,+,-,+,Growth Funded by Debt
RELIANCE,Mar 2023,22031.0,1.5526401036605118,Strong,80.84793796508798,High,19.152062034912024,+,-,+,Growth Funded by Debt
RELIANCE,Mar 2024,45207.0,2.00946595798532,Strong,71.52996448094314,High,28.470035519056857,+,-,-,Shareholder Returns
SBILIFE,TTM,,,Unknown,,Unknown,,Unknown,Unknown,Unknown,Mixed
SBILIFE,Mar 2013,903.0,1.7936507936507937,Strong,20.088495575221238,Low,79.91150442477876,+,-,-,Shareholder Returns
SBILIFE,Mar 2014,-542.0,0.22802197802197802,Weak,426.50602409638554,High,-326.50602409638554,+,-,-,Reinvestor
SBILIFE,Mar 2015,2533.0,3.3263803680981594,Strong,6.565842862412394,Low,93.4341571375876,+,-,-,Shareholder Returns
SBILIFE,Mar 2016,-1426.0,6.845971563981043,Strong,124.67982000692281,High,-24.67982000692281,+,-,-,Reinvestor
SBILIFE,Mar 2017,-507.0,8.926701570680628,Strong,105.94721407624634,High,-5.947214076246334,+,-,-,Reinvestor
SBILIFE,Mar 2018,1485.0,9.039130434782608,Strong,85.71428571428571,High,14.285714285714285,+,-,-,Shareholder Returns
SBILIFE,Mar 2019,-79.0,10.152976639035419,Strong,100.58635790098715,High,-0.5863579009871595,+,-,-,Reinvestor
SBILIFE,Mar 2020,2313.0,13.571729957805907,Strong,88.01492305300793,High,11.985076946992072,+,-,-,Shareholder Returns
SBILIFE,Mar 2021,4675.0,16.399725274725274,Strong,80.42130831727951,High,19.578691682720496,+,-,+,Growth Funded by Debt
SBILIFE,Mar 2022,241.0,14.50996015936255,Strong,98.89712612117883,High,1.1028738788211605,+,-,-,Shareholder Returns
SBILIFE,Mar 2023,-1547.0,16.650784427658337,Strong,105.39852037967617,High,-5.3985203796761585,+,-,-,Reinvestor
SBILIFE,Mar 2024,-2099.0,15.375923970432947,Strong,107.2076093674885,High,-7.207609367488496,+,-,-,Reinvestor
SBIN,TTM,,,Unknown,,Unknown,,Unknown,Unknown,Unknown,Mixed
SBIN,Mar 2013,22061.0,1.3113446510374562,Strong,9.333388130856484,Low,90.66661186914351,+,-,-,Shareholder Returns
SBIN,Mar 2014,18351.0,1.2927669345579793,Strong,4.132274579458782,Low,95.86772542054122,+,-,+,Growth Funded by Debt
SBIN,Mar 2015,22873.0,1.4747083894122925,Strong,13.020496634597103,Low,86.9795033654029,+,-,-,Shareholder Returns
SBIN,Mar 2016,11730.0,1.1119901682156847,Strong,18.97492574428404,Low,81.02507425571596,+,-,+,Growth Funded by Debt
SBIN,Mar 2017,72834.0,798.0,Strong,5.906518874505852,Low,94.09348112549415,+,-,-,Shareholder Returns
SBIN,Mar 2018,-83455.0,-25.742331288343557,Weak,13.525303601773947,Low,86.47469639822606,-,+,+,Distress Signal
SBIN,Mar 2019,29776.0,8.820053715308863,Strong,0.7443497090269319,Low,100.74434970902692,+,+,+,Liquidating Assets
SBIN,Mar 2020,23374.0,1.1319299905392621,Strong,2.31936144427264,Low,97.68063855572736,+,-,+,Growth Funded by Debt
SBIN,Mar 2021,86249.0,3.764191225720027,Strong,4.081451083753156,Low,95.91854891624685,+,-,+,Growth Funded by Debt
SBIN,Mar 2022,55043.0,1.5516499475566792,Strong,4.596585492677009,Low,95.40341450732299,+,-,-,Shareholder Returns
SBIN,Mar 2023,-86980.0,-1.4894199134199133,Weak,1.1230729881182133,Low,101.12307298811822,-,-,+,Distress Signal
SBIN,Mar 2024,18156.0,0.31105934457817463,Weak,16.068786982248522,Low,83.93121301775149,+,-,-,Shareholder Returns
SHREECEM,TTM,,,Unknown,,Unknown,,Unknown,Unknown,Unknown,Mixed
SHREECEM,Jun 2013,990.0,1.254980079681275,Strong,21.428571428571427,Low,78.57142857142857,+,-,-,Shareholder Returns
SHREECEM,Jun 2014,167.0,1.7801778907242694,Strong,88.07994289793005,High,11.92005710206995,+,-,-,Shareholder Returns
SHREECEM,Jun 2015,249.0,2.908450704225352,Strong,79.90314769975787,High,20.09685230024213,+,-,-,Shareholder Returns
SHREECEM,Mar 2016,301.0,1.3700787401574803,Strong,80.77905491698594,High,19.220945083014048,+,-,-,Shareholder Returns
SHREECEM,Mar 2017,154.0,1.6445108289768484,Strong,93.00635785649409,High,6.993642143505904,+,-,-,Shareholder Returns
SHREECEM,Mar 2018,-1716.0,1.3576589595375723,Strong,191.32517296434273,High,-91.32517296434274,+,-,+,Growth Funded by Debt
SHREECEM,Mar 2019,1360.0,2.0492610837438425,Strong,34.61538461538461,Moderate,65.38461538461539,+,-,-,Shareholder Returns
SHREECEM,Mar 2020,-1617.0,2.573186528497409,Strong,140.69972313113516,High,-40.699723131135165,+,-,+,Growth Funded by Debt
SHREECEM,Mar 2021,1603.0,1.8202824133504494,Strong,62.31781852374236,High,37.68218147625764,+,-,-,Shareholder Returns
SHREECEM,Mar 2022,525.0,2.102442868400315,Strong,80.3223388305847,High,19.67766116941529,+,-,-,Shareholder Returns
SHREECEM,Mar 2023,164.0,1.084423807513719,Strong,93.61619307123394,High,6.383806928766058,+,-,-,Shareholder Returns
SHREECEM,Mar 2024,1929.0,1.93133294864397,Strong,42.36629817747236,Moderate,57.63370182252764,+,-,-,Shareholder Returns
SHRIRAMFIN,TTM,,,Unknown,,Unknown,,Unknown,Unknown,Unknown,Mixed
SHRIRAMFIN,Mar 2013,-8400.0,-5.713602187286398,Weak,0.4904892929776289,Low,100.49048929297764,-,-,+,Distress Signal
SHRIRAMFIN,Mar 2014,-4167.0,-2.9860088365243005,Weak,2.762022194821208,Low,102.7620221948212,-,-,+,Distress Signal
SHRIRAMFIN,Mar 2015,-9656.0,-9.349221789883268,Weak,0.4682135053584434,Low,100.46821350535843,-,-,+,Distress Signal
SHRIRAMFIN,Mar 2016,-5543.0,-4.6511824324324325,Weak,0.6537134556019611,Low,100.65371345560197,-,-,+,Distress Signal
SHRIRAMFIN,Mar 2017,-2679.0,-2.1145339652448656,Weak,0.0747104968248039,Low,100.07471049682482,-,-,+,Distress Signal
SHRIRAMFIN,Mar 2018,-13056.0,-5.155747351902707,Weak,0.654390503728504,Low,99.34560949627149,-,+,+,Distress Signal
SHRIRAMFIN,Mar 2019,-5611.0,-2.1486801242236027,Weak,1.3730803974706414,Low,101.37308039747064,-,-,+,Distress Signal
SHRIRAMFIN,Mar 2020,-2519.0,-0.9808917197452229,Weak,2.232142857142857,Low,102.23214285714286,-,-,+,Distress Signal
SHRIRAMFIN,Mar 2021,-4264.0,-1.6962785114045618,Weak,0.5897617362585515,Low,100.58976173625855,-,-,+,Distress Signal
SHRIRAMFIN,Mar 2022,-8893.0,-3.2557883131201764,Weak,0.38379049554125744,Low,100.38379049554125,-,-,+,Distress Signal
SHRIRAMFIN,Mar 2023,-12549.0,-2.9277408637873754,Weak,28.799999999999997,Moderate,71.2,-,+,+,Distress Signal
SHRIRAMFIN,Mar 2024,-31359.0,-4.203405865657522,Weak,0.8295553197646377,Low,100.82955531976464,-,-,+,Distress Signal
SIEMENS,Sep 2011,267.0,0.0034562211981566822,Weak,8800.0,High,8900.0,+,+,-,Liquidating Assets
SIEMENS,Sep 2014,738.0,1.0082918739635158,Strong,21.38157894736842,Low,121.38157894736842,+,+,-,Liquidating Assets
SIEMENS,Sep 2015,1220.0,0.4889267461669506,Weak,112.54355400696865,High,212.54355400696863,+,+,-,Liquidating Assets
SIEMENS,Sep 2016,750.0,0.17604667124227866,Weak,46.198830409356724,Moderate,146.19883040935673,+,+,-,Liquidating Assets
SIEMENS,Sep 2017,1894.0,0.503957783641161,Moderate,230.54101221640488,High,330.5410122164049,+,+,-,Liquidating Assets
SIEMENS,Sep 2018,-74.0,0.11098779134295228,Weak,174.0,High,-74.0,+,-,-,Reinvestor
SIEMENS,Sep 2019,138.0,1.1583257506824385,Strong,89.15946582875098,High,10.840534171249018,+,-,-,Shareholder Returns
SIEMENS,Sep 2020,1591.0,0.9362808842652796,Moderate,120.97222222222221,High,220.97222222222223,+,+,-,Liquidating Assets
SIEMENS,Sep 2021,-967.0,1.3057851239669422,Strong,168.0028129395218,High,-68.00281293952179,+,-,-,Reinvestor
SIEMENS,Sep 2022,944.0,0.6338302009073234,Moderate,3.476482617586912,Low,96.52351738241309,+,-,-,Shareholder Returns
SIEMENS,Sep 2023,641.0,0.7135575942915392,Moderate,54.214285714285715,High,45.785714285714285,+,-,-,Shareholder Returns
SIEMENS,Sep 2024,1168.0,0.6144223693892568,Moderate,30.059880239520957,Moderate,69.94011976047905,+,-,-,Shareholder Returns
SUNPHARMA,TTM,,,Unknown,,Unknown,,Unknown,Unknown,Unknown,Mixed
SUNPHARMA,Mar 2013,982.0,0.9677140386278467,Moderate,70.74769139112303,High,29.252308608876977,+,-,-,Shareholder Returns
SUNPHARMA,Mar 2014,1783.0,1.0206238721319927,Strong,54.96337458954281,High,45.03662541045719,+,-,+,Growth Funded by Debt
SUNPHARMA,Mar 2015,4114.0,1.0255661066471877,Strong,26.745014245014243,Moderate,73.25498575498575,+,-,-,Shareholder Returns
SUNPHARMA,Mar 2016,2737.0,1.1816896429833863,Strong,59.06371522584505,High,40.93628477415495,+,-,-,Shareholder Returns
SUNPHARMA,Mar 2017,2896.0,0.9026255416772878,Moderate,59.10759672408924,High,40.89240327591076,+,-,-,Shareholder Returns
SUNPHARMA,Mar 2018,803.0,1.536978756884343,Strong,79.44714614793959,High,20.552853852060405,+,-,-,Shareholder Returns
SUNPHARMA,Mar 2019,1886.0,0.6845386533665836,Moderate,14.116575591985429,Low,85.88342440801458,+,-,-,Shareholder Returns
SUNPHARMA,Mar 2020,4330.0,1.571188878235858,Strong,33.94355453852022,Moderate,66.05644546147978,+,-,-,Shareholder Returns
SUNPHARMA,Mar 2021,6577.0,2.715669014084507,Strong,6.59643435980551,Low,106.5964343598055,+,+,-,Liquidating Assets
SUNPHARMA,Mar 2022,3429.0,2.6512245500147538,Strong,61.83639398998331,High,38.16360601001669,+,-,-,Shareholder Returns
SUNPHARMA,Mar 2023,-2261.0,0.5825208504639963,Moderate,145.59386973180077,High,-45.593869731800766,+,-,+,Growth Funded by Debt
SUNPHARMA,Mar 2024,11372.0,1.2627471383975026,Strong,6.287597857437165,Low,93.71240214256284,+,-,-,Shareholder Returns
TATACONSUM,TTM,,,Unknown,,Unknown,,Unknown,Unknown,Unknown,Mixed
TATACONSUM,Mar 2013,197.0,0.3887640449438202,Weak,13.872832369942195,Low,113.87283236994219,+,+,+,Liquidating Assets
TATACONSUM,Mar 2014,421.0,0.8274509803921568,Moderate,0.23696682464454977,Low,99.76303317535546,+,-,-,Shareholder Returns
TATACONSUM,Mar 2015,211.0,1.531135531135531,Strong,49.52153110047847,Moderate,50.47846889952153,+,-,-,Shareholder Returns
TATACONSUM,Mar 2016,261.0,3.135135135135135,Strong,125.0,High,225.0,+,+,-,Liquidating Assets
TATACONSUM,Mar 2017,886.0,1.6285714285714286,Strong,19.568151147098515,Low,119.56815114709852,+,+,-,Liquidating Assets
TATACONSUM,Mar 2018,325.0,0.6402877697841727,Moderate,8.707865168539326,Low,91.29213483146067,+,-,-,Shareholder Returns
TATACONSUM,Mar 2019,263.0,0.45951859956236324,Weak,25.238095238095237,Moderate,125.23809523809524,+,+,-,Liquidating Assets
TATACONSUM,Mar 2020,460.0,2.3521739130434782,Strong,57.48613678373382,High,42.513863216266174,+,-,-,Shareholder Returns
TATACONSUM,Mar 2021,1310.0,1.7806451612903227,Strong,20.893719806763286,Low,79.10628019323671,+,-,-,Shareholder Returns
TATACONSUM,Mar 2022,199.0,1.4935960591133004,Strong,86.87335092348285,High,13.12664907651715,+,-,-,Shareholder Returns
TATACONSUM,Mar 2023,627.0,1.106818181818182,Strong,57.08418891170432,High,42.91581108829568,+,-,-,Shareholder Returns
TATACONSUM,Mar 2024,26.0,1.594238683127572,Strong,98.65771812080537,High,1.342281879194631,+,-,+,Growth Funded by Debt
TATAMOTORS,TTM,,,Unknown,,Unknown,,Unknown,Unknown,Unknown,Mixed
TATAMOTORS,Mar 2013,-806.0,2.2216319165998395,Strong,103.63669178360331,High,-3.6366917836033026,+,-,-,Reinvestor
TATAMOTORS,Mar 2014,8160.0,2.5730249110320287,Strong,77.42801029017178,High,22.571989709828223,+,-,-,Shareholder Returns
TATAMOTORS,Mar 2015,-701.0,2.524763731969019,Strong,101.97292505136359,High,-1.972925051363598,+,-,+,Growth Funded by Debt
TATAMOTORS,Mar 2016,1206.0,3.2454187360849462,Strong,96.81794195250659,High,3.182058047493404,+,-,-,Shareholder Returns
TATAMOTORS,Mar 2017,-9372.0,3.9961624983459045,Strong,131.03414020331797,High,-31.03414020331799,+,-,+,Growth Funded by Debt
TATAMOTORS,Mar 2018,-1282.0,2.6242437575624242,Strong,105.37368487236452,High,-5.373684872364505,+,-,+,Growth Funded by Debt
TATAMOTORS,Mar 2019,-1987.0,0.6576730260409414,Moderate,110.5182361971309,High,-10.518236197130909,+,-,+,Growth Funded by Debt
TATAMOTORS,Mar 2020,-6482.0,2.2240501043841334,Strong,124.33822701160216,High,-24.338227011602147,+,-,+,Growth Funded by Debt
TATAMOTORS,Mar 2021,3329.0,2.1650615901455765,Strong,88.52108547981105,High,11.478914520188958,+,-,+,Growth Funded by Debt
TATAMOTORS,Mar 2022,9839.0,1.262976390485454,Strong,31.113911643212212,Moderate,68.8860883567878,+,-,-,Shareholder Returns
TATAMOTORS,Mar 2023,19971.0,13.155390334572491,Strong,43.56561546286877,Moderate,56.43438453713123,+,-,-,Shareholder Returns
TATAMOTORS,Mar 2024,45133.0,2.135221806520577,Strong,33.54487226680409,Moderate,66.45512773319591,+,-,-,Shareholder Returns
TATAPOWER,TTM,,,Unknown,,Unknown,,Unknown,Unknown,Unknown,Mixed
TATAPOWER,Mar 2013,-740.0,26.715447154471544,Strong,122.51978088861839,High,-22.51978088861838,+,-,-,Reinvestor
TATAPOWER,Mar 2014,2874.0,540.25,Strong,55.668671911152245,High,44.331328088847755,+,-,-,Shareholder Returns
TATAPOWER,Mar 2015,2116.0,13.087527352297593,Strong,64.62130078582177,High,35.37869921417823,+,-,-,Shareholder Returns
TATAPOWER,Mar 2016,5610.0,9.43384223918575,Strong,24.342548887390425,Low,75.65745111260958,+,-,-,Shareholder Returns
TATAPOWER,Mar 2017,-359.0,6.376363636363636,Strong,105.11833475905333,High,-5.1183347590533215,+,-,+,Growth Funded by Debt
TATAPOWER,Mar 2018,4852.0,2.4373803140559174,Strong,23.758642363293525,Low,76.24135763670648,+,-,-,Shareholder Returns
TATAPOWER,Mar 2019,4302.0,1.7551803530314658,Strong,5.94665500655881,Low,94.05334499344119,+,-,-,Shareholder Returns
TATAPOWER,Mar 2020,6882.0,5.604103343465046,Strong,6.684745762711865,Low,93.31525423728813,+,-,-,Shareholder Returns
TATAPOWER,Mar 2021,9338.0,5.799166087560806,Strong,11.899340922708209,Low,111.8993409227082,+,+,-,Liquidating Assets
TATAPOWER,Mar 2022,443.0,3.104359925788497,Strong,93.38114447930674,High,6.618855520693262,+,-,-,Shareholder Returns
TATAPOWER,Mar 2023,-97.0,1.8808398950131233,Strong,101.35361428970138,High,-1.3536142897013677,+,-,+,Growth Funded by Debt
TATAPOWER,Mar 2024,3569.0,2.9429906542056075,Strong,71.66560812956494,High,28.33439187043506,+,-,-,Shareholder Returns
TATASTEEL,TTM,,,Unknown,,Unknown,,Unknown,Unknown,Unknown,Mixed
TATASTEEL,Mar 2013,936.0,1.930005500550055,Strong,93.3309583184895,High,6.669041681510509,+,-,-,Shareholder Returns
TATASTEEL,Mar 2014,-2232.0,3.5869031377899043,Strong,116.97854860794156,High,-16.97854860794158,+,-,+,Growth Funded by Debt
TATASTEEL,Mar 2015,2859.0,3.015993907083016,Strong,75.93434343434343,High,24.065656565656564,+,-,-,Shareholder Returns
TATASTEEL,Mar 2016,2661.0,23.048289738430583,Strong,76.76996944565691,High,23.23003055434308,+,-,-,Shareholder Returns
TATASTEEL,Mar 2017,1334.0,2.5963060686015833,Strong,87.67553584626755,High,12.324464153732446,+,-,-,Shareholder Returns
TATASTEEL,Mar 2018,-3707.0,0.4521783238460238,Weak,146.204661597906,High,-46.204661597906025,+,-,+,Growth Funded by Debt
TATASTEEL,Mar 2019,-3840.0,2.777461083095812,Strong,115.1562993369119,High,-15.156299336911905,+,-,-,Reinvestor
TATASTEEL,Mar 2020,6157.0,17.179727427597957,Strong,69.47295354256532,High,30.527046457434675,+,-,-,Shareholder Returns
TATASTEEL,Mar 2021,34890.0,5.412332112332113,Strong,21.289507523631197,Low,78.71049247636881,+,-,-,Shareholder Returns
TATASTEEL,Mar 2022,33476.0,1.063043426189849,Strong,24.571325567247246,Low,75.42867443275276,+,-,-,Shareholder Returns
TATASTEEL,Mar 2023,3504.0,2.6852012383900927,Strong,83.83987455610385,High,16.16012544389614,+,-,-,Shareholder Returns
TATASTEEL,Mar 2024,6048.0,4.134623217922607,Strong,70.20836411999409,High,29.791635880005913,+,-,-,Shareholder Returns
TCS,TTM,,,Unknown,,Unknown,,Unknown,Unknown,Unknown,Mixed
TCS,Mar 2013,5577.0,0.8251633986928104,Moderate,51.9845027981059,High,48.0154972018941,+,-,-,Shareholder Returns
TCS,Mar 2014,5299.0,0.7630353817504656,Moderate,64.07701172801843,High,35.92298827198156,+,-,-,Shareholder Returns
TCS,Mar 2015,17562.0,0.9655533399800598,Moderate,9.32934069905519,Low,90.6706593009448,+,-,-,Shareholder Returns
TCS,Mar 2016,14099.0,0.785150792998603,Moderate,26.218012454864198,Moderate,73.78198754513579,+,-,-,Shareholder Returns
TCS,Mar 2017,8328.0,0.9569753765603065,Moderate,66.9825159576577,High,33.0174840423423,+,-,-,Shareholder Returns
TCS,Mar 2018,28171.0,0.9685857805255024,Moderate,12.382814058323692,Low,112.38281405832369,+,+,-,Liquidating Assets
TCS,Mar 2019,30238.0,0.9059311830682466,Moderate,5.753156366942958,Low,105.75315636694296,+,+,-,Liquidating Assets
TCS,Mar 2020,41337.0,0.9975960797608407,Moderate,27.70552071426365,Moderate,127.70552071426364,+,+,-,Liquidating Assets
TCS,Mar 2021,30846.0,1.191634420490142,Strong,20.50409772692129,Low,79.49590227307871,+,-,-,Shareholder Returns
TCS,Mar 2022,39211.0,1.0390127181461157,Strong,1.8473553781070864,Low,98.15264462189292,+,-,-,Shareholder Returns
TCS,Mar 2023,42513.0,0.9920100229298159,Moderate,1.3058501131895626,Low,101.30585011318955,+,+,-,Liquidating Assets
TCS,Mar 2024,50429.0,0.9617996051975097,Moderate,13.737651675763454,Low,113.73765167576346,+,+,-,Liquidating Assets
TECHM,TTM,,,Unknown,,Unknown,,Unknown,Unknown,Unknown,Mixed
TECHM,Mar 2013,233.0,0.6541698546289212,Moderate,72.74853801169591,High,27.251461988304094,+,-,+,Growth Funded by Debt
TECHM,Mar 2014,1887.0,0.5212279555845852,Moderate,18.23308270676692,Low,118.23308270676691,+,+,-,Liquidating Assets
TECHM,Mar 2015,583.0,0.9206468597216999,Moderate,76.18464052287581,High,23.815359477124183,+,-,-,Shareholder Returns
TECHM,Mar 2016,1684.0,1.0363396101750908,Strong,46.31813834874083,Moderate,53.68186165125917,+,-,-,Shareholder Returns
TECHM,Mar 2017,1178.0,1.4279200280603297,Strong,71.06362073200688,High,28.93637926799312,+,-,-,Shareholder Returns
TECHM,Mar 2018,235.0,0.9387216059165346,Moderate,93.3877321328081,High,6.612267867191897,+,-,-,Shareholder Returns
TECHM,Mar 2019,2328.0,1.0333411051527162,Strong,47.47292418772563,Moderate,52.52707581227437,+,-,-,Shareholder Returns
TECHM,Mar 2020,5439.0,1.1182961252245316,Strong,24.804956402019272,Low,124.80495640201927,+,+,-,Liquidating Assets
TECHM,Mar 2021,2661.0,1.859407305306685,Strong,67.12379540400296,High,32.87620459599703,+,-,-,Shareholder Returns
TECHM,Mar 2022,5765.0,0.9387211367673179,Moderate,9.082308420056764,Low,109.08230842005678,+,+,-,Liquidating Assets
TECHM,Mar 2023,5346.0,1.1472102120650607,Strong,4.0559942569992815,Low,95.94400574300072,+,-,-,Shareholder Returns
TECHM,Mar 2024,5058.0,2.6599916562369628,Strong,20.671267252195737,Low,79.32873274780427,+,-,-,Shareholder Returns
TITAN,TTM,,,Unknown,,Unknown,,Unknown,Unknown,Unknown,Mixed
TITAN,Mar 2013,411.0,0.7627586206896552,Moderate,25.678119349005424,Moderate,74.32188065099457,+,-,-,Shareholder Returns
TITAN,Mar 2014,-826.0,-0.7551020408163265,Weak,48.82882882882883,Moderate,148.82882882882882,-,-,+,Distress Signal
TITAN,Mar 2015,385.0,0.616421568627451,Moderate,23.45924453280318,Low,76.54075546719682,+,-,-,Shareholder Returns
TITAN,Mar 2016,417.0,0.8533333333333334,Moderate,27.604166666666668,Moderate,72.39583333333334,+,-,-,Shareholder Returns
TITAN,Mar 2017,759.0,2.456241032998565,Strong,55.665887850467286,High,44.334112149532714,+,-,-,Shareholder Returns
TITAN,Mar 2018,47.0,-0.04627949183303085,Weak,192.15686274509804,High,-92.15686274509804,-,+,-,Mixed
TITAN,Mar 2019,446.0,0.8948884089272858,Moderate,64.11906677393404,High,35.88093322606597,+,-,-,Shareholder Returns
TITAN,Mar 2020,-113.0,-0.23308774279973207,Weak,67.52873563218391,High,32.4712643678161,-,+,-,Mixed
TITAN,Mar 2021,1340.0,4.249486652977413,Strong,67.62503020053153,High,32.374969799468474,+,-,-,Shareholder Returns
TITAN,Mar 2022,441.0,-0.3293903548680619,Weak,160.91160220994476,High,-60.911602209944746,-,+,-,Mixed
TITAN,Mar 2023,-444.0,0.4184483811850947,Weak,132.4087591240876,High,-32.408759124087595,+,-,+,Growth Funded by Debt
TITAN,Mar 2024,1506.0,0.4848398169336384,Weak,11.150442477876107,Low,88.84955752212389,+,-,-,Shareholder Returns
TORNTPHARM,TTM,,,Unknown,,Unknown,,Unknown,Unknown,Unknown,Mixed
TORNTPHARM,Mar 2013,-94.0,0.35172413793103446,Weak,161.43790849673204,High,-61.43790849673203,+,-,+,Growth Funded by Debt
TORNTPHARM,Mar 2014,181.0,0.9021084337349398,Moderate,69.78297161936561,High,30.217028380634392,+,-,+,Growth Funded by Debt
TORNTPHARM,Mar 2015,-1303.0,1.0785619174434087,Strong,260.8641975308642,High,-160.8641975308642,+,-,+,Growth Funded by Debt
TORNTPHARM,Mar 2016,1873.0,1.5822273514137335,Strong,31.692195477753465,Moderate,68.30780452224654,+,-,-,Shareholder Returns
TORNTPHARM,Mar 2017,211.0,1.0802997858672376,Strong,79.08820614469772,High,20.911793855302278,+,-,-,Shareholder Returns
TORNTPHARM,Mar 2018,-3783.0,1.3185840707964602,Strong,523.1543624161075,High,-423.1543624161074,+,-,+,Growth Funded by Debt
TORNTPHARM,Mar 2019,1552.0,4.123853211009174,Strong,13.681868743047831,Low,86.31813125695217,+,-,-,Shareholder Returns
TORNTPHARM,Mar 2020,1622.0,1.3590243902439025,Strong,16.439339554917446,Low,116.43933955491745,+,+,-,Liquidating Assets
TORNTPHARM,Mar 2021,1561.0,1.601437699680511,Strong,22.144638403990026,Low,77.85536159600997,+,-,-,Shareholder Returns
TORNTPHARM,Mar 2022,1607.0,2.3204633204633205,Strong,10.870770937326677,Low,89.12922906267332,+,-,-,Shareholder Returns
TORNTPHARM,Mar 2023,33.0,1.902008032128514,Strong,98.60641891891892,High,1.3935810810810811,+,-,+,Growth Funded by Debt
TORNTPHARM,Mar 2024,3106.0,1.9722222222222223,Strong,4.898958971218616,Low,95.10104102878138,+,-,-,Shareholder Returns
TRENT,TTM,,,Unknown,,Unknown,,Unknown,Unknown,Unknown,Mixed
TRENT,Mar 2013,-245.0,1.1481481481481481,Strong,890.3225806451612,High,-790.3225806451613,+,-,+,Growth Funded by Debt
TRENT,Mar 2014,-94.0,-2.4210526315789473,Weak,104.34782608695652,High,204.34782608695653,-,-,-,Pre-Revenue
TRENT,Mar 2015,-316.0,-0.07751937984496124,Weak,3060.0,High,3160.0,-,-,+,Distress Signal
TRENT,Mar 2016,11.0,1.981818181818182,Strong,89.90825688073394,High,10.091743119266056,+,-,-,Shareholder Returns
TRENT,Mar 2017,58.0,1.2,Strong,43.13725490196079,Moderate,56.86274509803921,+,-,-,Shareholder Returns
TRENT,Mar 2018,73.0,0.8850574712643678,Moderate,5.194805194805195,Low,94.8051948051948,+,-,-,Shareholder Returns
TRENT,Mar 2019,-16.0,0.22105263157894736,Weak,176.19047619047618,High,-76.19047619047619,+,-,+,Growth Funded by Debt
TRENT,Mar 2020,-448.0,3.4056603773584904,Strong,224.09972299168976,High,-124.09972299168975,+,-,+,Growth Funded by Debt
TRENT,Mar 2021,303.0,1.574585635359116,Strong,6.315789473684211,Low,106.3157894736842,+,+,-,Liquidating Assets
TRENT,Mar 2022,114.0,1.6571428571428573,Strong,96.55172413793103,High,196.55172413793102,+,+,-,Liquidating Assets
TRENT,Mar 2023,492.0,1.5101522842639594,Strong,17.310924369747898,Low,82.68907563025209,+,-,-,Shareholder Returns
TRENT,Mar 2024,841.0,0.913337846987136,Moderate,37.65752409191994,Moderate,62.34247590808006,+,-,-,Shareholder Returns
TVSMOTOR,TTM,,,Unknown,,Unknown,,Unknown,Unknown,Unknown,Mixed
TVSMOTOR,Mar 2013,344.0,2.3434343434343434,Strong,25.862068965517242,Moderate,74.13793103448276,+,-,-,Shareholder Returns
TVSMOTOR,Mar 2014,235.0,2.513368983957219,Strong,50.0,High,50.0,+,-,-,Shareholder Returns
TVSMOTOR,Mar 2015,-332.0,0.2530487804878049,Weak,500.0,High,-400.0,+,-,+,Growth Funded by Debt
TVSMOTOR,Mar 2016,331.0,2.1818181818181817,Strong,64.63675213675214,High,35.363247863247864,+,-,-,Shareholder Returns
TVSMOTOR,Mar 2017,-20.0,1.3536345776031433,Strong,102.90275761973875,High,-2.9027576197387517,+,-,-,Reinvestor
TVSMOTOR,Mar 2018,-741.0,0.5323308270676692,Moderate,309.3220338983051,High,-209.3220338983051,+,-,+,Growth Funded by Debt
TVSMOTOR,Mar 2019,-2022.0,-1.2662068965517241,Weak,120.26143790849673,High,220.26143790849676,-,-,+,Distress Signal
TVSMOTOR,Mar 2020,-717.0,0.5765069551777434,Moderate,292.2252010723861,High,-192.22520107238606,+,-,+,Growth Funded by Debt
TVSMOTOR,Mar 2021,269.0,1.893092105263158,Strong,76.62901824500435,High,23.370981754995658,+,-,+,Growth Funded by Debt
TVSMOTOR,Mar 2022,-3046.0,-2.1545827633378933,Weak,93.3968253968254,High,193.3968253968254,-,-,+,Distress Signal
TVSMOTOR,Mar 2023,-5713.0,-3.3651642475171886,Weak,29.693530079455165,Moderate,129.69353007945517,-,-,+,Distress Signal
TVSMOTOR,Mar 2024,-2254.0,-0.7043282743114109,Weak,79.88826815642457,High,179.88826815642457,-,-,+,Distress Signal
